,Council District,Economically Disadvantaged Rate,Organization Code,School Level,budget_year,enrollment,grant_fund: Classroom Assistants/Teacher Assistants,grant_fund: Counselors/Student Adv./ Soc. Serv. Liaisons,grant_fund: Nurses/Health Services,grant_fund: Other,grant_fund: Principals/Assistant Principals,grant_fund: Secretaries,grant_fund: Student Climate Staff,grant_fund: Supplies/Equipment/Non Full‐Time Salaries/Other,grant_fund: Support Services Assistants,grant_fund: Teachers ‐ Regular Education,grant_fund: Teachers ‐ Special Education,grant_fund: Total Positions,operating_fund: Classroom Assistants/Teacher Assistants,operating_fund: Counselors/Student Adv./ Soc. Serv. Liaisons,operating_fund: Nurses/Health Services,operating_fund: Other,operating_fund: Principals/Assistant Principals,operating_fund: Secretaries,operating_fund: Student Climate Staff,operating_fund: Supplies/Equipment/Non Full‐Time Salaries/Other,operating_fund: Support Services Assistants,operating_fund: Teachers ‐ Regular Education,operating_fund: Teachers ‐ Special Education,operating_fund: Total Positions,projected_enrollment
0,2nd,83.44%,1380,Elementary School,FY14,842.0,0.0,0.0,0.0,1.0,0.0,0.0,0.0,198454.0,7.0,8.1,0.0,16.1,11.0,1.2,0.6,0.0,2.0,1.0,8.0,32272.0,0.0,30.2,6.0,60.0,
1,4th,79.34%,4370,Elementary School,FY14,256.0,0.0,0.0,0.0,0.0,0.0,0.0,0.0,71567.0,2.0,4.8,0.0,6.8,0.0,1.0,0.2,0.0,1.0,1.0,2.0,6343.0,0.0,11.8,2.0,19.0,
2,8th,54.18%,5070,High School,FY14,285.0,0.0,0.0,0.0,0.0,0.0,0.0,0.0,55598.0,0.0,0.0,0.0,0.0,0.0,1.0,0.3,0.0,1.0,1.0,2.0,76173.0,0.0,12.6,1.0,18.9,
3,3rd,84.48%,1260,K‐8 School,FY14,551.0,0.0,0.0,0.0,0.0,0.0,0.0,0.0,207506.0,0.0,7.6,0.0,7.6,3.0,1.0,0.4,0.0,1.0,1.0,3.0,27663.0,0.0,19.8,3.0,32.2,
4,7th,86.01%,5420,K‐8 School,FY14,525.0,0.0,0.0,0.0,0.0,0.0,0.0,0.0,126627.0,2.0,7.0,0.0,9.0,0.0,0.9,0.4,0.0,1.0,1.0,5.0,8127.0,0.0,22.3,3.0,33.6,
5,5th,19.97%,2140,Middle Secondary,FY14,1179.0,0.0,0.0,0.0,0.0,0.0,0.8,0.0,30478.0,0.0,1.5,0.0,2.3,4.0,2.0,1.3,1.0,2.0,2.2,2.0,27159.0,0.0,53.5,2.0,70.0,
6,9th,73.92%,6350,K‐8 School,FY14,415.0,0.0,0.0,0.0,0.0,0.0,0.0,0.0,60008.0,0.0,4.8,0.0,4.8,5.0,0.5,0.4,0.0,1.0,1.0,3.0,25961.0,3.0,15.4,6.0,35.2,
7,1st,61.82%,2510,K‐8 School,FY14,458.0,0.0,1.2,0.0,0.0,0.0,0.0,0.0,84350.0,3.0,3.3,0.0,7.5,4.0,0.5,0.3,0.0,1.0,1.0,4.0,13180.0,0.0,21.0,4.0,35.8,
8,9th,73.64%,7400,K‐8 School,FY14,861.0,0.0,0.4,0.0,0.0,0.0,0.0,0.0,96764.0,4.0,5.7,0.0,10.1,4.0,1.4,1.0,0.0,2.0,1.0,8.0,46170.0,0.0,36.1,7.0,60.5,
9,4th,69.79%,1030,High School,FY14,695.0,6.0,0.0,0.0,0.0,0.0,0.0,0.0,100103.0,0.0,3.2,0.0,9.2,7.0,1.0,1.0,0.0,2.0,1.0,5.0,162534.0,1.0,28.3,11.0,57.3,
10,3rd,81.08%,1460,K‐8 School,FY14,534.0,0.0,0.0,0.0,0.0,0.0,0.0,0.0,208208.0,0.0,4.8,0.0,4.8,4.0,1.0,1.0,0.0,1.0,1.0,6.0,10768.0,2.0,21.4,3.0,40.4,
11,3rd,74.72%,1580,Middle School,FY14,300.0,0.0,0.0,0.0,0.0,0.0,0.0,0.0,51597.0,0.0,0.1,0.0,0.1,6.0,1.0,0.2,0.0,1.0,1.0,2.0,12712.0,0.0,14.2,2.0,27.4,
12,5th,89.54%,4570,K‐8 School,FY14,389.0,0.0,0.0,0.0,0.0,0.0,0.0,0.0,148881.0,7.0,3.8,0.0,10.8,4.0,1.0,0.3,0.0,1.0,1.0,3.0,22126.0,0.0,17.0,5.0,32.2,
13,6th,75.02%,8340,Elementary School,FY14,1318.0,0.0,0.4,0.0,0.0,0.0,0.0,0.0,190824.0,0.0,7.1,0.0,7.5,17.0,2.4,1.4,0.0,2.0,1.0,9.0,46992.0,0.0,53.3,10.0,96.1,
14,7th,81.37%,7200,Elementary School,FY14,853.0,0.0,0.0,0.0,0.0,0.0,0.0,0.0,225390.0,0.0,13.6,0.0,13.6,9.0,1.4,1.0,0.0,1.0,1.0,6.0,29692.0,1.0,29.4,4.0,53.8,
15,5th,87.07%,7510,K‐8 School,FY14,732.0,0.0,0.0,0.0,0.0,0.0,0.0,0.0,175268.0,0.0,9.1,0.0,9.1,2.0,1.2,1.0,0.0,1.0,1.0,5.0,28596.0,0.0,28.8,3.0,43.0,
16,3rd,46.89%,2050,Middle School,FY14,0.0,0.0,0.0,0.0,0.0,0.0,0.0,0.0,0.0,0.0,0.0,0.0,0.0,0.0,0.0,0.0,0.0,0.0,0.0,0.0,0.0,0.0,0.0,0.0,0.0,
17,7th,87.96%,5530,Elementary School,FY14,736.0,0.0,0.0,0.0,1.0,0.0,0.0,0.0,257921.0,2.0,9.7,0.0,12.7,4.0,1.4,0.6,0.0,2.0,1.0,8.0,18110.0,0.0,27.9,6.0,50.9,
18,5th,79.44%,5160,Middle Secondary,FY14,609.0,0.0,1.5,0.0,0.0,1.0,0.0,0.0,695549.0,0.0,4.9,0.0,7.4,9.0,1.0,0.6,0.0,1.0,1.0,2.0,109440.0,0.0,27.6,11.0,53.2,
19,8th,85.69%,4380,Elementary School,FY14,398.0,0.0,0.0,0.0,0.0,0.0,0.0,0.0,193627.0,4.0,4.7,0.0,8.7,2.0,1.0,0.6,0.0,1.0,1.0,3.0,23221.0,0.0,15.5,4.0,28.1,
20,3rd,83.60%,1370,K‐8 School,FY14,666.0,0.0,0.0,0.0,0.0,0.0,0.0,0.0,191018.0,3.0,7.1,0.0,10.1,2.0,1.0,0.6,0.0,1.0,1.0,4.0,41981.0,0.0,23.5,4.0,37.1,
21,3rd,85.16%,1290,K‐8 School,FY14,587.0,0.0,0.0,0.0,0.0,0.0,0.0,0.0,75390.0,3.0,4.2,0.0,7.2,9.0,1.0,0.5,0.0,1.0,1.0,3.0,31925.0,0.0,23.5,7.0,46.0,
22,5th,59.57%,5080,High School,FY14,557.0,0.0,0.0,0.0,0.0,0.0,0.0,0.0,107797.0,0.0,2.0,0.0,2.0,0.0,1.0,0.5,0.0,1.0,1.0,6.0,70342.0,1.0,22.8,1.0,34.3,
23,5th,32.05%,2650,High School,FY14,601.0,1.0,0.0,0.0,0.0,0.0,1.0,0.0,30938.0,0.0,5.6,0.0,7.6,2.0,2.0,0.4,0.0,1.0,1.0,1.0,22612.0,0.0,24.6,2.0,34.0,
24,8th,64.13%,6440,K‐8 School,FY14,418.0,0.0,0.0,0.0,0.0,0.0,0.0,0.0,75257.0,0.0,2.2,0.0,2.2,0.0,1.0,1.0,0.0,1.0,1.0,3.0,23546.0,0.0,19.9,3.0,29.9,
25,8th,41.79%,6010,High School,FY14,2311.0,0.0,0.0,0.0,0.0,0.0,0.0,0.0,40136.0,0.0,3.0,0.0,3.0,1.0,2.0,2.0,0.0,3.0,2.0,4.0,35876.0,0.0,95.0,0.0,109.0,
26,7th,80.32%,7310,Elementary School,FY14,671.0,0.0,0.0,0.0,0.0,0.0,0.0,0.0,92295.0,3.0,3.8,0.0,6.8,8.0,0.9,0.5,0.0,1.0,1.0,6.0,12827.0,0.0,28.9,6.0,52.3,
27,5th,42.81%,4030,Middle Secondary,FY14,755.0,0.0,0.0,0.0,0.0,0.0,0.0,0.0,88374.0,0.0,0.0,0.0,0.0,1.0,1.0,0.7,1.0,1.0,1.0,3.0,58471.0,0.0,32.4,1.0,42.1,
28,6th,74.75%,8250,Elementary School,FY14,1115.0,0.0,0.0,0.0,0.0,0.0,0.0,0.0,185587.0,0.0,6.8,0.0,6.8,1.0,1.2,1.2,0.0,2.0,1.0,9.0,32956.0,0.0,39.3,7.0,61.7,
29,3rd,84.11%,1490,K‐8 School,FY14,509.0,0.0,0.0,0.0,0.0,0.0,0.0,0.0,156867.0,10.0,4.2,0.0,14.2,5.0,1.0,0.5,0.0,1.0,1.0,5.0,67051.0,0.0,19.9,6.0,39.3,
30,7th,86.46%,5680,K‐8 School,FY14,709.0,0.0,0.0,0.0,1.0,0.0,0.0,0.0,158737.0,5.0,6.8,0.0,12.8,15.0,1.0,1.0,0.0,2.0,1.0,1.0,7614.0,2.0,32.0,11.0,66.0,
31,5th,87.35%,4460,K‐8 School,FY14,591.0,0.0,0.0,0.0,0.0,0.0,0.0,0.0,117766.0,2.0,8.5,0.0,10.5,0.0,1.0,0.5,0.0,1.0,1.0,3.0,89163.0,1.0,21.7,3.0,32.2,
32,7th,84.13%,5330,K‐8 School,FY14,516.0,0.0,0.0,0.0,0.0,0.0,0.0,0.0,115165.0,4.0,5.6,0.0,9.6,10.0,0.7,1.0,0.0,1.0,1.0,5.0,5122.0,0.0,22.9,8.0,49.6,
33,4th,71.70%,6320,K‐8 School,FY14,298.0,0.0,0.0,0.0,0.0,0.0,0.0,0.0,109543.0,0.0,5.2,0.0,5.2,0.0,0.5,1.0,0.0,1.0,1.0,1.0,18567.0,0.0,14.0,2.0,20.5,
34,2nd,60.69%,2480,K‐8 School,FY14,307.0,0.0,0.0,0.0,0.0,0.0,0.0,0.0,56375.0,0.0,3.3,0.0,3.3,5.0,1.0,0.4,0.0,1.0,1.0,1.0,17791.0,0.0,14.2,6.0,29.6,
35,6th,61.93%,7470,K‐8 School,FY14,497.0,0.0,0.0,0.0,0.0,0.0,0.0,0.0,87930.0,1.0,4.2,0.0,5.2,4.0,1.0,0.3,0.0,1.0,1.0,3.0,25394.0,0.0,18.2,5.0,33.5,
36,10th,49.90%,8160,Middle School,FY14,1238.0,4.0,0.4,0.0,0.0,0.0,0.0,0.0,102152.0,1.0,0.2,0.0,5.6,10.0,1.2,1.2,0.0,2.0,1.0,7.0,50103.0,0.0,55.8,12.0,90.2,
37,3rd,85.74%,4300,K‐8 School,FY14,529.0,0.0,0.0,0.0,0.0,0.0,0.0,0.0,181191.0,2.0,3.8,0.0,5.8,9.0,1.0,1.0,0.0,1.0,1.0,5.0,68299.0,0.0,20.6,5.0,43.6,
38,9th,72.94%,7270,K‐8 School,FY14,850.0,0.0,0.4,0.0,0.0,0.0,0.0,0.0,109212.0,3.0,5.9,0.0,9.3,1.0,1.2,1.0,0.0,1.0,1.0,5.0,55420.0,2.0,34.2,5.0,51.4,
39,4th,71.67%,6090,High School,FY14,535.0,0.0,0.0,0.0,0.0,0.0,0.0,0.0,201475.0,0.0,2.0,0.0,2.0,0.0,1.0,0.8,1.0,2.0,1.0,4.0,75277.0,0.0,30.9,4.0,44.7,
40,8th,83.10%,7390,K‐8 School,FY14,678.0,0.0,0.8,0.0,0.0,0.0,0.0,0.0,97582.0,6.0,6.4,0.0,13.2,6.0,1.4,1.0,1.0,1.0,1.0,5.0,23915.0,0.0,30.0,7.0,53.4,
41,5th,82.80%,5250,K‐8 School,FY14,237.0,0.0,0.0,0.0,0.0,0.0,0.0,0.0,31809.0,2.0,3.5,0.0,5.5,5.0,2.0,0.4,0.0,1.0,1.0,1.0,78366.0,0.0,13.7,4.0,28.1,
42,3rd,86.92%,1410,K‐8 School,FY14,601.0,0.0,0.0,0.0,0.0,0.0,0.0,0.0,170026.0,7.0,7.2,0.0,14.2,8.0,1.0,0.5,0.0,1.0,1.0,4.0,33689.0,2.0,23.2,4.0,44.7,
43,3rd,81.20%,1300,K‐8 School,FY14,515.0,0.0,0.0,0.0,0.0,0.0,0.0,0.0,96091.0,9.0,5.8,0.0,14.8,3.0,0.5,0.4,0.0,1.0,1.0,3.0,54627.0,2.0,20.4,6.0,37.3,
44,10th,46.87%,8420,K‐8 School,FY14,1035.0,0.0,0.0,0.0,1.0,0.0,0.0,0.0,112392.0,2.0,4.7,0.0,7.7,13.0,1.0,1.0,0.0,2.0,1.0,7.0,31854.0,0.0,41.5,10.0,76.5,
45,8th,75.35%,7130,Middle School,FY14,578.0,0.0,0.0,0.0,0.0,0.0,0.0,0.0,70323.0,0.0,2.5,0.0,2.5,3.0,0.5,0.6,0.0,2.0,1.0,6.0,59049.0,0.0,22.8,7.0,42.9,
46,1st,65.14%,2590,K‐8 School,FY14,312.0,0.0,0.0,0.0,0.0,0.0,0.0,0.0,33587.0,0.0,2.5,0.0,2.5,12.0,1.1,0.3,0.0,1.0,1.0,6.0,28333.0,0.0,15.9,6.0,43.2,
47,2nd,17.07%,2470,K‐8 School,FY14,572.0,0.0,0.0,0.0,0.0,0.0,0.0,0.0,174791.0,5.0,3.8,0.0,8.8,20.0,1.0,0.6,0.0,1.0,1.0,3.0,52928.0,0.0,23.9,6.0,56.5,
48,2nd,40.49%,2020,High School,FY14,708.0,0.0,0.0,0.0,0.0,0.0,0.0,0.0,15041.0,0.0,0.6,0.0,0.6,4.0,1.0,0.6,0.0,1.0,1.0,5.0,32160.0,1.0,30.0,3.0,46.6,
49,8th,72.15%,6230,K‐8 School,FY14,264.0,0.0,0.0,0.0,0.0,0.0,0.0,0.0,32893.0,0.0,1.2,0.0,1.2,2.0,1.0,0.2,0.0,1.0,1.0,2.0,4949.0,0.0,13.6,1.0,21.8,
50,5th,80.76%,5340,K‐8 School,FY14,333.0,0.0,0.0,0.0,0.0,0.0,0.0,0.0,74108.0,0.0,4.8,0.0,4.8,5.0,0.5,0.3,0.0,1.0,1.0,4.0,16522.0,1.0,13.8,7.0,33.5,
51,2nd,55.90%,2620,High School,FY14,817.0,2.0,0.0,0.0,0.0,0.0,0.0,0.0,60554.0,2.0,0.0,0.0,4.0,1.0,1.0,0.6,0.0,1.0,1.0,3.0,60816.0,0.0,34.4,3.0,45.0,
52,9th,75.99%,7280,K‐8 School,FY14,1005.0,0.0,0.2,0.0,0.0,0.0,0.0,0.0,109631.0,2.0,5.3,0.0,7.5,2.0,1.4,1.2,0.0,2.0,1.0,8.0,47981.0,0.0,39.1,6.0,60.7,
53,8th,73.69%,6060,High School,FY14,1107.0,10.0,1.0,0.0,0.0,0.0,0.0,0.0,160239.0,0.0,5.7,0.0,16.7,16.0,3.0,1.2,1.0,3.0,1.0,12.0,254349.0,0.0,43.5,23.0,103.7,
54,5th,85.62%,2390,K‐8 School,FY14,552.0,0.0,0.0,0.0,2.0,0.0,0.0,0.0,253530.0,0.0,5.4,0.0,7.4,10.0,1.0,0.4,0.0,1.0,1.0,3.0,99438.0,0.0,21.6,5.0,43.0,
55,7th,87.75%,7730,Middle School,FY14,518.0,0.0,0.0,0.0,0.0,0.0,0.0,0.0,70701.0,4.0,2.0,0.0,6.0,6.0,2.0,1.0,0.0,1.0,1.0,2.0,197775.0,2.0,25.4,9.0,49.4,
56,4th,73.53%,4020,High School,FY14,975.0,3.0,0.0,0.0,0.0,0.0,0.0,0.0,120441.0,0.0,4.0,0.0,7.0,5.0,2.0,1.2,0.0,2.0,1.0,7.0,11691.0,0.0,37.8,12.0,68.0,
57,6th,75.58%,8240,K‐8 School,FY14,854.0,0.0,0.5,0.0,1.0,0.0,0.0,0.0,197936.0,3.0,6.0,0.0,10.4,0.0,1.2,1.0,0.0,2.0,1.0,6.0,33151.0,4.0,33.7,9.0,58.0,
58,5th,86.68%,4470,Elementary School,FY14,376.0,0.0,0.6,0.0,0.0,0.0,0.0,0.0,76889.0,1.0,5.0,0.0,6.6,7.0,1.0,0.3,0.0,1.0,1.0,4.0,73282.0,0.0,14.6,6.0,34.9,
59,2nd,78.27%,1130,Middle School,FY14,678.0,0.0,0.2,0.0,0.0,0.0,0.0,0.0,103781.0,0.0,3.2,0.0,3.4,5.0,1.0,0.6,0.0,1.0,1.0,8.0,54924.0,0.0,29.5,6.0,52.1,
60,5th,87.52%,5320,K‐8 School,FY14,559.0,0.0,0.0,0.0,0.0,0.0,0.0,0.0,135309.0,0.0,8.2,0.0,8.2,9.0,1.0,0.4,0.0,1.0,1.0,6.0,65235.0,0.0,24.1,6.0,48.5,
61,1st,74.56%,2640,K‐8 School,FY14,564.0,0.0,0.8,0.0,0.0,0.0,0.0,0.0,83221.0,4.0,3.4,0.0,8.2,4.0,2.2,0.4,0.0,1.0,1.0,4.0,33431.0,0.0,30.1,4.0,46.7,
62,4th,53.16%,6450,K‐8 School,FY14,296.0,0.0,0.0,0.0,0.0,0.0,0.0,0.0,55879.0,1.0,1.8,0.0,2.8,11.0,0.5,1.0,0.0,1.0,1.0,2.0,6737.0,0.0,13.7,6.0,36.2,
63,5th,61.17%,2210,K‐8 School,FY14,414.0,0.0,0.0,0.0,0.0,0.0,0.0,0.0,119419.0,0.0,2.2,0.0,2.2,13.0,0.5,1.0,0.0,2.0,1.0,5.0,25261.0,0.0,19.1,9.0,50.6,
64,7th,80.40%,7300,K‐8 School,FY14,961.0,0.0,0.5,0.0,0.0,0.0,0.0,0.0,112198.0,0.0,9.9,0.0,10.4,6.0,1.6,1.2,0.0,2.0,1.0,8.0,42694.0,0.0,38.6,9.0,67.4,
65,7th,78.32%,5520,High School,FY14,447.0,4.0,0.0,0.0,0.0,0.0,0.0,0.0,98592.0,0.0,2.2,0.0,6.2,4.0,1.2,0.6,0.0,1.0,1.0,3.0,29208.0,0.0,19.7,7.0,37.5,
66,7th,83.65%,5170,K‐8 School,FY14,834.0,0.0,0.0,0.0,0.0,0.0,0.0,0.0,121273.0,4.0,9.6,0.0,13.6,7.0,1.0,1.0,0.0,2.0,1.0,9.0,62148.0,0.0,36.7,8.0,65.7,
67,3rd,83.60%,1360,K‐8 School,FY14,428.0,0.0,0.0,0.0,0.0,0.0,0.0,0.0,80568.0,7.0,3.3,0.0,10.3,14.0,2.0,1.0,0.0,1.0,1.0,5.0,123293.0,0.0,20.7,9.0,53.7,
68,6th,67.78%,8010,High School,FY14,1579.0,15.0,1.0,0.0,1.0,0.0,0.0,0.0,110121.0,3.0,4.0,0.0,24.0,15.0,2.6,1.4,1.0,3.0,2.0,9.0,23958.0,0.0,73.6,27.0,134.6,
69,3rd,27.57%,1280,K‐8 School,FY14,554.0,0.0,0.0,0.0,0.0,0.0,0.3,0.0,248280.0,0.0,9.8,0.0,10.1,1.0,1.0,0.5,0.0,1.0,0.7,3.0,30256.0,0.0,22.8,2.0,32.0,
70,3rd,66.78%,5090,High School,FY14,317.0,2.0,0.0,0.0,0.0,0.0,0.0,0.0,17706.0,0.0,0.4,0.0,2.4,1.0,1.0,0.2,0.0,1.0,1.0,2.0,37101.0,0.0,13.2,3.0,22.4,
71,5th,88.75%,4270,K‐8 School,FY14,467.0,0.0,0.0,0.0,1.0,0.0,0.0,0.0,152279.0,3.0,5.0,0.0,9.0,0.0,1.0,0.4,0.0,1.0,1.0,4.0,76777.0,0.0,18.8,3.0,29.2,
72,10th,59.82%,8440,Elementary School,FY14,826.0,0.0,0.0,0.0,0.0,0.0,0.0,0.0,228448.0,0.0,4.6,0.0,4.6,14.0,2.0,1.2,0.0,1.0,1.0,4.0,45624.0,0.0,34.0,10.0,67.2,
73,7th,78.88%,7150,K‐8 School,FY14,1107.0,0.0,0.2,0.0,0.0,0.0,0.0,0.0,215422.0,4.0,8.1,0.0,12.3,3.0,1.2,1.0,0.0,2.0,1.0,6.0,47243.0,0.0,46.4,7.0,67.6,
74,7th,76.42%,7500,Middle School,FY14,596.0,0.0,0.2,0.0,0.0,0.0,0.0,0.0,136255.0,1.0,2.3,0.0,3.5,2.0,0.9,0.5,0.0,1.0,1.0,4.0,26881.0,0.0,28.0,8.0,45.4,
75,2nd,32.07%,2410,Middle Secondary,FY14,515.0,0.0,0.0,0.0,0.0,0.0,0.0,0.0,35932.0,0.0,0.6,0.0,0.6,0.0,1.0,0.4,0.0,1.0,1.0,3.0,34136.0,0.0,23.0,2.0,31.4,
76,8th,46.15%,6250,K‐8 School,FY14,478.0,0.0,0.0,0.0,0.0,0.0,0.0,0.0,77940.0,1.0,1.8,0.0,2.8,15.0,1.0,0.4,0.0,1.0,1.0,4.0,14691.0,0.0,20.8,6.0,49.2,
77,4th,49.10%,6540,High School,FY14,314.0,0.0,0.0,0.0,0.0,0.0,0.0,0.0,61003.0,0.0,0.0,0.0,0.0,1.0,1.0,0.3,0.0,1.0,1.0,1.0,24803.0,1.0,13.4,1.0,20.7,
78,3rd,77.59%,1020,High School,FY14,660.0,4.0,0.0,0.0,0.0,0.0,0.0,0.0,291436.0,0.0,8.2,0.0,12.2,9.0,2.5,1.0,0.0,2.0,1.0,4.0,238232.0,0.0,31.1,12.0,62.6,
79,7th,72.84%,5230,Middle School,FY14,601.0,0.0,0.0,0.0,0.0,0.0,0.0,0.0,63620.0,3.0,2.2,0.0,5.2,0.0,1.0,1.0,0.0,1.0,1.0,8.0,16653.0,0.0,29.0,1.0,42.0,
80,4th,57.35%,4480,K‐8 School,FY14,219.0,0.0,0.6,0.0,0.0,0.0,0.0,0.0,45575.0,0.0,0.9,0.0,1.5,8.0,1.0,0.6,0.0,1.0,1.0,3.0,23577.0,0.0,15.6,18.0,48.2,
81,7th,79.92%,5660,High School,FY14,0.0,0.0,0.0,0.0,0.0,0.0,0.0,0.0,0.0,0.0,0.0,0.0,0.0,0.0,0.0,0.0,0.0,0.0,0.0,0.0,0.0,0.0,0.0,0.0,0.0,
82,3rd,86.80%,1470,K‐8 School,FY14,494.0,0.0,0.5,0.0,0.0,0.0,0.0,0.0,145963.0,3.0,5.0,0.0,8.5,4.0,1.2,0.4,0.0,1.0,1.0,3.0,28667.0,0.0,21.2,4.0,35.8,
83,5th,87.31%,4560,K‐8 School,FY14,442.0,1.0,2.0,0.0,0.0,0.0,0.0,0.0,357479.0,4.0,4.0,0.0,11.0,4.0,0.5,0.4,0.0,1.0,1.0,3.0,88685.0,0.0,19.0,5.0,33.9,
84,7th,75.09%,8350,K‐8 School,FY14,1358.0,0.0,0.6,0.0,1.0,0.0,0.0,0.0,203998.0,6.0,10.2,0.0,17.8,13.0,1.0,1.4,0.0,2.0,1.0,7.0,72003.0,1.0,52.1,10.0,88.5,
85,8th,85.84%,6340,Elementary School,FY14,375.0,1.0,0.0,0.0,0.0,0.0,0.0,0.0,56331.0,4.0,2.8,0.0,7.8,2.0,0.5,0.4,0.0,1.0,1.0,5.0,23855.0,0.0,14.0,4.0,27.8,
86,3rd,62.01%,1390,Elementary School,FY14,287.0,0.0,0.0,0.0,0.0,0.0,0.0,0.0,68194.0,1.0,1.8,0.0,2.8,1.0,1.0,0.2,0.0,1.0,1.0,4.0,5686.0,0.0,10.6,2.0,20.8,
87,8th,88.51%,4360,K‐8 School,FY14,0.0,0.0,0.0,0.0,0.0,0.0,0.0,0.0,0.0,0.0,0.0,0.0,0.0,0.0,0.0,0.0,0.0,0.0,0.0,0.0,0.0,0.0,0.0,0.0,0.0,
88,1st,80.63%,5060,High School,FY14,754.0,0.0,0.0,0.0,0.0,0.0,0.0,0.0,72060.0,0.0,4.0,0.0,4.0,0.0,1.4,1.0,0.0,2.0,1.0,6.0,22940.0,0.0,35.0,6.0,52.4,
89,4th,68.17%,4280,Elementary School,FY14,342.0,0.0,0.0,0.0,0.0,0.0,0.0,0.0,67775.0,2.0,1.8,0.0,3.8,9.0,1.0,0.3,0.0,1.0,1.0,3.0,23073.0,0.0,15.7,5.0,36.0,
90,6th,75.06%,5430,Middle School,FY14,388.0,0.0,0.0,0.0,0.0,0.0,0.0,0.0,44999.0,0.0,0.3,0.0,0.3,3.0,1.0,0.3,0.0,1.0,1.0,4.0,19256.0,0.0,18.1,3.0,31.4,
91,1st,76.75%,2630,K‐8 School,FY14,507.0,0.0,0.0,0.0,0.0,0.0,0.0,0.0,87443.0,0.0,2.8,0.0,2.8,12.0,0.7,0.4,0.0,1.0,1.0,4.0,20138.0,3.0,20.4,7.0,49.5,
92,7th,84.89%,7290,K‐8 School,FY14,466.0,1.0,0.0,0.0,0.0,0.0,0.0,0.0,166005.0,5.0,3.8,0.0,9.8,3.0,0.7,0.4,0.0,1.0,1.0,3.0,28304.0,0.0,20.4,6.0,35.5,
93,2nd,80.86%,2260,K‐8 School,FY14,650.0,0.0,0.0,0.0,0.0,0.0,0.0,0.0,153284.0,7.0,6.6,0.0,13.6,9.0,2.2,1.0,0.0,1.0,2.0,5.0,24227.0,0.0,27.7,7.0,54.9,
94,1st,15.13%,2380,K‐8 School,FY14,530.0,0.0,0.0,0.0,0.0,0.0,0.0,0.0,70584.0,4.0,3.8,0.0,7.8,2.0,0.5,0.4,0.0,1.0,1.0,4.0,20796.0,0.0,22.9,2.0,33.8,
95,9th,74.31%,7370,Middle School,FY14,591.0,0.0,0.8,0.0,0.0,0.0,0.0,0.0,69589.0,2.0,0.3,0.0,3.1,6.0,1.4,0.6,0.0,1.0,1.0,5.0,28788.0,0.0,26.8,9.0,50.8,
96,10th,64.49%,8230,Elementary School,FY14,369.0,0.0,0.0,0.0,0.0,0.0,0.0,1.0,61921.0,0.0,3.0,0.0,4.0,1.0,1.0,0.4,0.0,1.0,1.0,0.0,9131.0,6.0,13.7,2.0,26.1,
97,1st,83.01%,5700,High School,FY14,0.0,0.0,0.0,0.0,0.0,0.0,0.0,0.0,0.0,0.0,0.0,0.0,0.0,0.0,0.0,0.0,0.0,0.0,0.0,0.0,0.0,0.0,0.0,0.0,0.0,
98,7th,85.71%,5350,K‐8 School,FY14,465.0,0.0,0.0,0.0,0.0,0.0,0.0,0.0,66384.0,4.0,4.7,0.0,8.7,11.0,1.2,0.4,0.0,1.0,1.0,7.0,30755.0,0.0,21.7,6.0,49.3,
99,9th,68.40%,7120,High School,FY14,1299.0,2.0,0.4,0.0,0.0,0.0,0.0,0.0,156305.0,0.0,1.8,0.0,4.2,3.0,2.6,1.2,0.5,2.0,2.0,7.0,25667.0,0.0,51.9,15.0,85.2,
100,1st,75.45%,2580,K‐8 School,FY14,540.0,0.0,0.4,0.0,0.0,0.0,0.0,0.0,81516.0,0.0,2.0,0.0,2.4,5.0,1.9,0.4,0.0,1.0,1.0,3.0,30870.0,0.0,28.0,5.0,45.3,
101,8th,77.70%,7490,Elementary School,FY14,536.0,1.0,0.0,0.0,0.0,0.0,0.0,0.0,76610.0,6.0,5.4,0.0,12.4,7.0,0.5,1.0,0.0,1.0,1.0,3.0,90385.0,0.0,19.5,6.0,39.0,
102,8th,81.47%,6220,Elementary School,FY14,534.0,0.0,0.0,0.0,0.0,0.0,0.0,0.0,99524.0,8.0,5.0,0.0,13.0,6.0,0.5,1.0,0.0,1.0,1.0,4.0,46267.0,0.0,19.4,7.0,39.9,
103,1st,82.81%,5550,High School,FY14,397.0,2.0,0.0,0.0,0.0,0.0,0.0,0.0,165759.0,0.0,1.0,0.0,3.0,4.0,1.2,0.4,0.0,1.0,1.0,3.0,28632.0,0.0,15.1,8.0,33.7,
104,10th,26.69%,8430,K‐8 School,FY14,719.0,0.0,0.0,0.0,0.0,0.0,0.0,0.0,106005.0,0.0,2.8,0.0,2.8,6.0,1.2,1.0,0.0,1.0,1.0,4.0,40303.0,0.0,30.5,6.0,50.7,
105,3rd,69.26%,1050,High School,FY14,265.0,0.0,0.0,0.0,0.0,0.0,0.0,0.0,59235.0,0.0,1.2,0.0,1.2,0.0,1.0,0.3,0.0,1.0,1.0,1.0,23388.0,0.0,14.0,2.0,20.3,
106,9th,77.85%,5610,High School,FY14,0.0,0.0,0.0,0.0,0.0,0.0,0.0,0.0,0.0,0.0,0.0,0.0,0.0,0.0,0.0,0.0,0.0,0.0,0.0,0.0,0.0,0.0,0.0,0.0,0.0,
107,2nd,80.91%,1400,Elementary School,FY14,645.0,0.0,0.4,0.0,0.0,0.0,0.0,0.0,148966.0,4.0,7.0,0.0,11.4,1.0,1.0,0.6,0.0,1.0,1.0,5.0,22676.0,0.0,23.7,2.0,35.3,
108,10th,49.06%,8770,K‐8 School,FY14,0.0,0.0,0.0,0.0,0.0,0.0,0.0,0.0,0.0,0.0,0.0,0.0,0.0,0.0,0.0,0.0,0.0,0.0,0.0,0.0,0.0,0.0,0.0,0.0,0.0,
109,5th,81.82%,4140,High School,FY14,446.0,8.0,0.0,0.0,0.0,0.0,0.0,0.0,78102.0,0.0,4.4,0.0,12.4,4.0,1.0,0.6,0.0,1.0,1.0,4.0,62134.0,0.0,17.4,13.0,42.0,
110,5th,61.38%,2290,High School,FY14,818.0,0.0,0.0,0.0,0.0,0.0,0.0,0.0,135311.0,0.0,0.2,0.0,0.2,0.0,1.0,0.6,0.0,2.0,1.0,6.0,47767.0,0.0,33.4,2.0,46.0,
111,9th,71.78%,7260,Elementary School,FY14,327.0,0.0,0.0,0.0,0.0,0.0,0.0,0.0,97584.0,0.0,4.0,0.0,4.0,0.0,0.5,0.3,0.0,1.0,1.0,2.0,7939.0,1.0,11.8,2.0,19.5,
112,7th,85.53%,7380,Elementary School,FY14,566.0,0.0,0.0,0.0,0.0,0.0,0.0,0.0,141280.0,4.0,6.9,0.0,10.9,1.0,1.4,0.4,0.0,1.0,1.0,4.0,21279.0,0.0,25.1,2.0,35.9,
113,2nd,86.23%,2370,K‐8 School,FY14,801.0,0.0,0.0,0.0,0.0,0.0,0.0,0.0,289732.0,4.0,6.9,0.0,10.9,1.0,1.0,0.6,0.0,3.0,1.0,3.0,8807.0,0.0,31.5,6.0,47.1,
114,1st,72.92%,2720,K‐8 School,FY14,373.0,0.0,0.0,0.0,0.0,0.0,0.0,0.0,47808.0,3.0,1.8,0.0,4.8,10.0,1.1,1.0,0.0,1.0,1.0,6.0,61577.0,2.0,21.5,7.0,50.6,
115,10th,54.97%,8090,High School,FY14,679.0,4.0,0.0,0.0,0.0,0.0,0.0,0.0,175557.0,0.0,2.6,0.0,6.6,14.0,1.2,1.0,1.0,1.0,1.0,2.0,68948.0,0.0,36.6,9.0,66.8,
116,4th,87.27%,1200,K‐8 School,FY14,821.0,0.0,0.4,0.0,0.0,0.0,0.0,0.0,538159.0,1.0,10.8,0.0,12.2,4.0,3.0,1.0,1.0,2.0,1.0,5.0,198230.0,0.0,31.8,5.0,53.8,
117,7th,88.57%,5440,Elementary School,FY14,847.0,0.0,0.0,0.0,0.0,0.0,0.0,0.0,195013.0,7.0,11.1,0.0,18.1,4.0,1.4,0.6,0.0,2.0,1.0,6.0,22584.0,0.0,30.6,5.0,50.6,
118,5th,84.12%,2490,K‐8 School,FY14,335.0,0.0,0.0,0.0,0.0,0.0,0.0,0.0,101681.0,1.0,4.4,0.0,5.4,6.0,0.5,0.3,0.0,1.0,1.0,1.0,19668.0,0.0,13.0,4.0,26.7,
119,7th,75.22%,7460,K‐8 School,FY14,532.0,0.0,0.0,0.0,0.0,0.0,0.0,0.0,136837.0,5.0,4.6,0.0,9.6,10.0,1.2,0.4,0.0,1.0,1.0,4.0,17447.0,0.0,23.1,6.0,46.7,
120,6th,78.27%,8200,K‐8 School,FY14,842.0,0.0,0.2,0.0,0.0,0.0,0.0,0.0,169409.0,6.0,6.8,0.0,13.0,3.0,1.8,1.0,0.0,1.0,1.0,4.0,52535.0,2.0,34.2,6.0,54.0,
121,5th,82.88%,4060,High School,FY14,615.0,0.0,0.0,0.0,0.0,0.0,0.0,0.0,42874.0,0.0,3.5,0.0,3.5,0.0,1.0,0.6,1.0,1.0,1.0,4.0,45240.0,0.0,32.5,7.0,48.1,
122,4th,48.20%,6410,K‐8 School,FY14,458.0,0.0,0.0,0.0,0.0,0.0,0.0,0.0,68623.0,1.0,4.0,0.0,5.0,15.0,0.5,1.0,0.0,1.0,1.0,2.0,41815.0,0.0,20.8,5.0,46.3,
123,4th,57.14%,6040,High School,FY14,577.0,0.0,0.0,0.0,0.0,0.0,0.0,0.0,28693.0,2.0,0.0,0.0,2.0,2.0,1.0,1.0,0.0,1.0,1.0,3.0,37572.0,0.0,29.0,3.0,41.0,
124,7th,84.69%,7360,Elementary School,FY14,455.0,0.0,0.0,0.0,0.0,0.0,0.0,0.0,180617.0,6.0,4.8,0.0,10.8,10.0,1.7,0.4,0.0,1.0,1.0,4.0,12739.0,0.0,16.7,8.0,42.8,
125,5th,84.09%,5560,K‐8 School,FY14,277.0,0.0,0.0,0.0,0.0,0.0,0.0,0.0,73304.0,4.0,2.7,0.0,6.7,0.0,1.0,0.2,0.0,1.0,1.0,1.0,17137.0,0.0,14.3,2.0,20.5,
126,10th,53.67%,8400,Elementary School,FY14,1149.0,0.0,0.2,0.0,0.0,0.0,0.0,0.0,125139.0,1.0,5.3,0.0,6.5,7.0,1.2,1.0,0.0,2.0,1.0,9.0,34574.0,4.0,44.4,4.0,73.6,
127,5th,82.40%,5480,K‐8 School,FY14,458.0,0.0,0.0,0.0,0.0,0.0,0.0,0.0,113424.0,3.0,4.2,0.0,7.2,3.0,0.5,0.4,0.0,1.0,1.0,3.0,26486.0,0.0,20.2,4.0,33.1,
128,7th,80.96%,7110,Middle School,FY14,919.0,0.0,0.0,0.0,0.0,0.0,0.0,0.0,73515.0,1.0,4.6,0.0,5.6,19.0,1.4,1.0,0.0,2.0,2.0,14.0,22532.0,0.0,41.0,16.0,96.4,
129,2nd,78.76%,2450,K‐8 School,FY14,309.0,0.0,0.0,0.0,0.0,0.0,0.0,0.0,77259.0,0.0,5.2,0.0,5.2,4.0,0.5,0.3,0.0,1.0,1.0,4.0,45715.0,0.0,11.9,3.0,25.7,
130,9th,63.97%,6210,K‐8 School,FY14,489.0,0.0,0.0,0.0,0.0,0.0,0.0,0.0,112150.0,2.0,2.8,0.0,4.8,4.0,0.5,0.4,0.0,1.0,1.0,3.0,28706.0,0.0,18.8,6.0,34.7,
131,1st,70.72%,2000,High School,FY14,1031.0,8.0,1.6,0.0,0.0,0.0,0.0,0.0,106013.0,0.0,8.2,0.0,17.8,7.0,3.8,0.9,0.0,3.0,1.0,7.0,34308.0,0.0,49.5,19.0,91.2,
132,1st,44.20%,2340,K‐8 School,FY14,666.0,1.0,1.0,0.0,0.0,0.0,0.0,0.0,90027.0,0.0,4.1,0.0,6.1,2.0,1.0,1.0,0.0,1.0,1.0,4.0,36105.0,0.0,29.7,2.5,42.2,
133,5th,75.46%,5620,High School,FY14,0.0,0.0,0.0,0.0,0.0,0.0,0.0,0.0,0.0,0.0,0.0,0.0,0.0,0.0,0.0,0.0,0.0,0.0,0.0,0.0,0.0,0.0,0.0,0.0,0.0,
134,9th,67.48%,8310,Elementary School,FY14,1167.0,0.0,1.0,0.0,0.0,0.0,0.0,0.0,178569.0,0.0,7.4,0.0,8.4,6.0,2.0,1.4,0.0,2.0,1.0,7.0,60272.0,2.0,47.2,7.0,75.6,
135,7th,86.13%,5390,K‐8 School,FY14,570.0,0.0,0.0,0.0,0.0,0.0,0.0,0.0,107314.0,0.0,7.8,0.0,7.8,0.0,3.2,1.0,0.0,1.0,1.0,7.0,215039.0,0.0,28.5,4.0,45.7,
136,8th,81.82%,6300,Elementary School,FY14,313.0,0.0,0.0,0.0,0.0,0.0,0.0,0.0,113634.0,0.0,4.3,0.0,4.3,5.0,1.0,0.3,0.0,1.0,1.0,2.0,6846.0,0.0,12.3,5.0,27.6,
137,1st,81.55%,2540,Elementary School,FY14,541.0,0.0,0.4,0.0,1.0,0.0,0.0,0.0,142781.0,1.0,4.2,0.0,6.6,0.0,2.4,0.4,0.0,1.0,1.0,4.0,18892.0,0.0,25.2,2.0,36.0,
138,1st,86.31%,5590,Elementary School,FY14,918.0,0.0,1.0,0.0,0.0,0.0,0.0,0.0,141798.0,5.0,10.8,0.0,16.8,13.0,1.2,1.0,0.0,2.0,1.0,9.0,26045.0,3.0,32.2,9.0,71.4,
139,4th,68.75%,4320,K‐8 School,FY14,527.0,0.0,0.0,0.0,0.0,0.0,0.0,0.0,84978.0,0.0,2.2,0.0,2.2,12.0,1.0,1.0,0.0,1.0,1.0,4.0,36148.0,0.0,22.5,8.0,50.5,
140,6th,67.68%,8140,Middle School,FY14,550.0,7.0,0.0,0.0,0.0,0.0,0.0,0.0,20482.0,1.0,1.0,0.0,9.0,5.0,1.0,1.0,0.0,2.0,1.0,7.0,38547.0,0.0,26.2,10.0,53.2,
141,3rd,83.17%,1230,K‐8 School,FY14,459.0,0.0,0.0,0.0,0.0,0.0,0.0,0.0,132890.0,5.0,5.2,0.0,10.2,1.0,2.0,0.4,0.0,1.0,1.0,3.0,152530.0,0.0,21.2,3.0,32.6,
142,7th,80.49%,5020,High School,FY14,1331.0,13.0,0.0,0.0,0.0,0.0,0.0,0.0,170380.0,0.0,8.0,0.0,21.0,5.0,3.0,2.0,0.0,2.0,1.0,9.0,49903.0,10.0,32.7,21.0,85.7,
143,7th,86.25%,5470,Elementary School,FY14,617.0,0.0,0.0,0.0,1.0,0.0,0.0,0.0,185858.0,4.0,8.1,0.0,13.1,7.0,1.2,1.0,0.0,1.0,1.0,5.0,9950.0,0.0,25.7,5.0,46.9,
144,9th,52.80%,6460,Middle Secondary,FY14,276.0,0.0,0.0,0.0,0.0,0.0,0.0,0.0,10438.0,0.0,2.9,1.0,3.9,15.0,0.5,0.6,0.0,1.0,1.0,1.0,16445.0,0.0,12.5,9.0,40.6,
145,1st,61.60%,2670,High School,FY14,369.0,0.0,0.0,0.0,0.0,0.0,0.0,0.0,24541.0,0.0,0.2,0.0,0.2,1.0,1.0,0.3,0.0,1.0,1.0,1.0,50482.0,0.0,15.3,1.0,21.6,
146,4th,66.61%,6030,High School,FY14,618.0,11.0,0.0,0.0,0.0,0.0,0.0,0.0,55160.0,0.0,3.3,0.0,14.3,19.0,1.0,1.0,0.0,1.0,1.0,3.0,88662.0,0.0,29.5,16.0,71.5,
147,6th,78.65%,7330,Elementary School,FY14,710.0,0.0,0.0,0.0,1.0,0.0,0.0,0.0,142439.0,6.0,7.2,0.0,14.2,12.0,1.2,1.0,0.0,1.0,1.0,5.0,27779.0,0.0,25.9,8.0,55.1,
148,6th,70.15%,8270,Elementary School,FY14,524.0,0.0,0.0,0.0,0.0,0.0,0.0,0.0,133424.0,0.0,3.4,0.0,3.4,12.0,1.0,0.6,0.0,1.0,1.0,3.0,30592.0,2.0,20.8,7.0,48.4,
149,5th,86.67%,4440,K‐8 School,FY14,620.0,0.0,0.0,0.0,0.0,0.0,0.0,0.0,267580.0,0.0,7.8,0.0,7.8,1.0,3.0,1.0,0.0,1.0,1.0,5.0,240334.0,0.0,25.7,3.0,40.7,
150,3rd,79.77%,1100,High School,FY14,513.0,9.0,0.0,0.0,0.0,0.0,0.0,0.0,256475.0,2.0,4.2,0.0,15.2,8.0,2.0,1.0,0.0,2.0,1.0,6.0,23852.0,0.0,19.0,14.0,53.0,
151,10th,53.69%,8390,K‐8 School,FY14,863.0,0.0,0.0,0.0,0.0,0.0,0.0,0.0,98412.0,2.0,4.5,0.0,6.5,11.0,1.0,1.0,0.0,2.0,1.0,6.0,58669.0,2.0,33.3,7.0,64.3,
152,1st,77.35%,2190,K‐8 School,FY14,542.0,0.0,0.6,0.0,0.0,0.0,0.0,0.0,43968.0,0.0,4.2,0.0,4.8,3.0,0.9,1.0,0.0,1.0,1.0,4.0,20945.0,0.0,23.3,3.0,37.2,
153,4th,48.16%,6380,K‐8 School,FY14,563.0,1.0,0.0,0.0,0.0,0.0,0.0,0.0,99886.0,0.0,1.8,0.0,2.8,10.0,1.0,1.0,0.0,1.0,1.0,3.0,32370.0,1.0,23.0,3.0,44.0,
154,9th,77.47%,7530,Elementary School,FY14,538.0,0.0,0.0,0.0,0.0,0.0,0.0,0.0,140059.0,5.0,4.2,0.0,9.2,1.0,0.5,0.4,0.0,1.0,1.0,6.0,56256.0,0.0,19.9,3.0,32.8,
155,8th,62.95%,6260,K‐8 School,FY14,379.0,0.0,0.0,0.0,0.0,0.0,0.0,0.0,62042.0,0.0,3.0,0.0,3.0,7.0,1.0,1.0,0.0,1.0,1.0,4.0,14219.0,0.0,18.5,8.0,41.5,
156,3rd,83.21%,1350,K‐8 School,FY14,546.0,0.0,0.0,0.0,0.0,0.0,0.0,0.0,168812.0,1.0,5.0,0.0,6.0,2.0,0.5,0.6,0.0,1.0,1.0,6.0,19850.0,0.0,21.5,4.0,36.6,
157,4th,73.02%,4240,Elementary School,FY14,581.0,0.0,0.0,0.0,0.0,0.0,0.0,0.0,111966.0,4.0,5.8,0.0,9.8,6.0,1.0,1.0,0.0,1.0,1.0,5.0,22341.0,1.0,22.0,3.0,41.0,
158,10th,59.23%,8020,High School,FY14,3006.0,7.0,2.8,0.0,0.0,0.0,0.0,0.0,142350.0,0.0,2.4,0.0,12.2,5.0,2.8,2.2,0.0,5.0,3.0,14.0,74392.0,0.0,120.5,23.0,175.5,
159,7th,86.96%,8470,Middle Secondary,FY14,0.0,0.0,0.0,0.0,0.0,0.0,0.0,0.0,37607.0,0.0,0.0,0.0,0.0,0.0,1.0,0.7,2.0,1.0,1.0,2.0,211824.0,3.0,13.4,5.0,29.1,
160,5th,51.38%,5200,K‐8 School,FY14,383.0,0.0,0.0,0.0,0.0,0.0,0.0,0.0,66857.0,0.0,3.6,0.0,3.6,1.0,1.0,0.3,0.0,1.0,1.0,2.0,34145.0,0.0,16.8,3.0,26.1,
161,2nd,73.48%,1010,High School,FY14,1066.0,4.0,0.0,0.0,4.0,0.0,0.0,0.0,51931.0,0.0,7.8,0.0,15.8,8.0,2.2,1.0,2.0,3.0,2.0,7.0,51918.0,0.0,41.3,17.0,83.5,
162,2nd,69.54%,1440,K‐8 School,FY14,709.0,0.0,0.0,0.0,0.0,0.0,0.0,0.0,256615.0,2.0,4.4,0.0,6.4,24.0,1.0,1.0,0.0,2.0,2.0,7.0,11198.0,0.0,28.9,13.0,78.9,
163,10th,67.57%,8360,Elementary School,FY14,609.0,0.0,0.4,0.0,0.0,0.0,0.0,0.0,83479.0,3.0,4.0,0.0,7.4,3.0,1.2,0.5,0.0,1.0,1.0,4.0,20238.0,0.0,23.8,3.0,37.5,
164,4th,44.47%,2680,Middle Secondary,FY14,0.0,0.0,0.0,0.0,0.0,0.0,0.0,0.0,0.0,0.0,0.0,0.0,0.0,0.0,0.0,0.0,0.0,0.0,0.0,0.0,0.0,0.0,0.0,0.0,0.0,
165,9th,76.28%,7220,Elementary School,FY14,1073.0,0.0,0.6,0.0,0.0,0.0,0.0,0.0,337359.0,0.0,10.7,0.0,11.3,6.0,1.8,1.6,0.0,2.0,1.0,5.0,59521.0,5.0,41.6,10.0,74.0,
166,3rd,70.17%,8560,High School,FY14,91.0,0.0,0.0,0.0,0.0,0.0,0.0,0.0,0.0,0.0,4.0,0.0,4.0,0.0,0.5,0.0,0.0,1.0,1.0,1.0,35317.0,0.0,3.8,0.0,7.3,
167,4th,84.88%,4350,K‐8 School,FY14,699.0,0.0,0.0,0.0,0.0,0.0,0.0,0.0,72993.0,0.0,7.1,0.0,7.1,9.0,1.0,0.6,1.0,2.0,1.0,3.0,10521.0,5.0,28.3,8.0,58.9,
168,5th,75.60%,5050,High School,FY14,325.0,1.0,0.0,0.0,0.0,0.0,0.0,0.0,68124.0,0.0,4.0,0.0,5.0,0.0,1.0,0.4,0.0,2.0,1.0,4.0,74360.0,0.0,15.1,2.0,25.5,
169,1st,83.92%,5400,Elementary School,FY14,669.0,0.0,0.0,0.0,0.0,0.0,0.0,0.0,179858.0,5.0,8.1,0.0,13.1,5.0,1.2,0.6,0.0,1.0,1.0,5.0,26915.0,0.0,23.9,5.0,42.7,
170,1st,66.42%,2160,High School,FY14,701.0,2.0,1.2,0.0,0.0,0.0,0.0,0.0,832624.0,3.0,0.0,0.0,6.2,1.0,2.0,1.0,0.0,2.0,1.0,3.0,39201.0,0.0,34.5,9.0,53.5,
171,9th,63.15%,6310,K‐8 School,FY14,441.0,0.0,0.0,0.0,0.0,0.0,0.0,0.0,50879.0,2.0,3.8,0.0,5.8,4.0,0.5,1.0,0.0,1.0,1.0,3.0,24271.0,0.0,18.2,4.0,32.7,
172,7th,87.05%,7440,Elementary School,FY14,538.0,0.0,0.0,0.0,1.0,0.0,0.0,0.0,209896.0,0.0,5.9,0.0,6.9,0.0,1.1,0.4,0.0,1.0,1.0,5.0,30951.0,0.0,27.3,4.0,39.8,
173,7th,73.61%,7010,High School,FY14,1358.0,10.0,1.8,0.0,1.0,0.0,0.0,0.0,257237.0,4.0,7.4,0.0,24.2,11.0,2.8,1.2,0.5,2.0,2.0,10.0,39326.0,0.0,51.0,23.0,103.5,
174,7th,88.77%,5260,Elementary School,FY14,903.0,0.0,1.0,0.0,0.0,0.0,0.0,0.0,278284.0,6.0,10.1,0.0,17.1,0.0,1.0,1.0,0.0,2.0,1.0,9.0,22405.0,0.0,37.1,3.0,54.1,
175,3rd,85.17%,1420,K‐8 School,FY14,435.0,0.0,0.0,0.0,0.0,0.0,0.0,0.0,109709.0,4.0,3.3,0.0,7.3,14.0,1.0,0.4,0.0,1.0,1.0,5.0,74623.0,0.0,19.9,9.0,51.3,
176,5th,88.73%,4530,K‐8 School,FY14,374.0,0.0,0.0,0.0,0.0,0.0,0.0,0.0,62413.0,3.0,5.6,0.0,8.6,2.0,0.5,1.0,0.0,1.0,1.0,3.0,21142.0,0.0,15.4,3.0,26.9,
177,6th,64.70%,8300,K‐8 School,FY14,1135.0,0.0,0.6,0.0,0.0,0.0,0.0,0.0,139099.0,0.0,5.6,0.0,6.2,5.0,1.6,1.2,0.0,2.0,1.0,7.0,24765.0,0.0,46.9,5.0,69.7,
178,3rd,70.50%,1190,High School,FY14,241.0,0.0,0.0,0.0,0.0,0.0,0.0,0.0,26872.0,0.0,0.2,0.0,0.2,0.0,1.0,0.2,0.0,1.0,1.0,4.0,46956.0,3.0,10.0,1.0,21.2,
179,8th,80.28%,7100,K‐8 School,FY14,470.0,0.0,0.0,0.0,0.0,0.0,0.0,0.0,158390.0,3.0,5.4,0.0,8.4,4.0,1.0,0.4,0.0,1.0,1.0,3.0,22924.0,1.0,20.3,4.0,35.7,
180,8th,71.86%,6200,K‐8 School,FY14,467.0,0.0,0.0,0.0,0.0,0.0,0.0,0.0,76260.0,0.0,2.6,0.0,2.6,9.0,1.0,1.0,0.0,1.0,1.0,5.0,27974.0,0.0,20.2,6.0,44.2,
181,5th,76.79%,2010,High School,FY14,847.0,4.0,0.2,0.0,0.0,0.0,0.0,0.0,37047.0,7.0,5.2,0.0,16.4,14.0,2.6,0.7,0.0,2.0,1.0,6.0,18029.0,0.0,39.8,12.0,78.1,
182,5th,86.30%,4220,K‐8 School,FY14,407.0,0.0,0.0,0.0,0.0,0.0,0.0,0.0,52314.0,0.0,5.6,0.0,5.6,9.0,1.0,0.4,0.0,1.0,1.0,3.0,86396.0,0.0,17.4,8.0,40.8,
183,10th,35.38%,8040,High School,FY14,561.0,3.0,0.0,0.0,0.0,0.0,0.0,0.0,27028.0,1.0,0.0,0.0,4.0,4.0,1.0,0.4,0.0,1.0,1.0,2.0,116133.0,0.0,23.5,4.0,36.9,
184,6th,59.29%,8410,Elementary School,FY14,789.0,0.0,0.4,0.0,0.0,0.0,0.0,0.0,117355.0,3.0,4.7,0.0,8.1,6.0,1.2,0.6,0.0,1.0,1.0,5.0,36472.0,0.0,30.5,7.0,52.3,
185,7th,86.49%,5490,Elementary School,FY14,447.0,0.0,0.0,0.0,0.0,0.0,0.0,0.0,107654.0,0.0,5.8,0.0,5.8,1.0,2.0,0.4,0.0,1.0,1.0,5.0,121826.0,0.0,23.6,2.0,36.0,
186,8th,72.41%,6400,K‐12 School,FY14,166.0,0.0,0.0,0.0,0.0,0.0,0.0,0.0,11097.0,1.0,0.0,0.0,1.0,20.0,0.5,3.6,2.0,2.0,1.0,4.0,102241.0,8.0,4.4,23.0,68.5,
187,2nd,78.87%,2240,K‐8 School,FY14,463.0,0.0,0.0,0.0,0.0,0.0,0.0,0.0,203231.0,4.0,2.6,0.0,6.6,8.0,1.0,0.3,0.0,1.0,1.0,3.0,24356.0,0.0,20.6,6.0,40.9,
188,8th,58.79%,6050,High School,FY14,1112.0,0.0,0.2,0.0,0.0,0.0,0.0,0.0,75103.0,0.0,0.6,0.0,0.8,0.0,1.8,1.2,0.0,2.0,1.0,2.0,8167.0,0.0,46.2,2.0,56.2,
189,9th,78.34%,7350,Elementary School,FY14,947.0,0.0,0.4,0.0,0.0,0.0,0.0,0.0,261343.0,9.0,9.4,0.0,18.8,8.0,1.8,1.0,0.0,2.0,1.0,6.0,40901.0,3.0,37.0,5.0,64.8,
190,6th,71.04%,8210,Elementary School,FY14,537.0,0.0,0.0,0.0,0.0,0.0,0.0,0.0,65989.0,4.0,6.0,0.0,10.0,6.0,1.0,1.0,0.0,1.0,1.0,3.0,31476.0,0.0,20.4,6.0,39.4,
191,7th,78.55%,5370,Elementary School,FY14,433.0,0.0,0.0,0.0,0.0,0.0,0.0,0.0,128513.0,4.0,5.0,0.0,9.0,2.0,1.0,0.8,0.0,1.0,1.0,4.0,13311.0,1.0,16.3,2.0,29.2,
192,8th,81.45%,6360,K‐8 School,FY14,695.0,0.0,0.0,0.0,0.0,0.0,0.0,0.0,252185.0,8.0,4.0,0.0,12.0,5.0,1.0,0.7,1.0,2.0,2.0,0.0,30865.0,0.0,29.1,8.0,48.7,
193,1st,70.07%,2520,Elementary School,FY14,309.0,0.0,0.0,0.0,0.0,0.0,0.0,0.0,77989.0,2.0,2.8,0.0,4.8,6.0,0.5,0.3,0.0,1.0,1.0,2.0,7542.0,0.0,12.3,2.0,25.1,
194,6th,86.25%,7430,Elementary School,FY14,724.0,0.0,0.0,0.0,0.0,0.0,0.0,0.0,148467.0,4.0,7.9,0.0,11.9,7.0,1.2,0.6,0.0,1.0,1.0,4.0,38246.0,0.0,25.1,7.0,46.9,
195,9th,67.71%,8120,Middle School,FY14,1169.0,0.0,1.1,0.0,0.0,0.0,0.0,0.0,16176.0,6.0,0.8,0.0,7.9,3.0,1.4,1.0,0.0,2.0,1.0,7.0,42262.0,0.0,52.8,8.0,76.2,
196,2nd,81.35%,1250,Elementary School,FY14,602.0,0.0,0.0,0.0,0.0,0.0,0.0,0.0,151604.0,3.0,5.9,0.0,8.9,6.0,1.6,0.6,0.0,1.0,1.0,7.0,23142.0,0.0,24.0,6.0,47.2,
197,7th,88.33%,5410,Elementary School,FY14,272.0,0.0,0.0,0.0,0.0,0.0,0.0,0.0,74091.0,2.0,5.2,0.0,7.2,0.0,0.5,0.2,0.0,1.0,1.0,1.0,24072.0,0.0,11.2,2.0,16.9,
198,1st,75.63%,2690,K‐8 School,FY14,478.0,0.0,0.0,0.0,0.0,0.0,0.0,0.0,127868.0,2.0,4.8,0.0,6.8,6.0,1.5,1.0,0.0,1.0,1.0,4.0,16589.0,0.0,22.4,6.0,42.9,
199,4th,61.51%,6480,Middle School,FY14,285.0,0.0,0.0,0.0,0.0,0.0,0.0,0.0,15652.0,1.0,0.0,0.0,1.0,4.0,0.5,0.2,0.0,1.0,1.0,1.0,23152.0,0.0,12.5,2.0,22.2,
200,2nd,82.66%,2320,Elementary School,FY14,593.0,0.0,0.8,0.0,0.0,0.0,0.0,0.0,228414.0,8.0,6.9,0.0,15.7,1.0,1.6,0.8,0.0,1.0,1.0,5.0,9756.0,0.0,21.6,3.0,35.0,
201,1st,79.49%,5210,K‐8 School,FY14,604.0,0.0,0.0,0.0,0.0,0.0,0.0,0.0,251293.0,0.0,4.8,0.0,4.8,9.0,1.8,0.4,0.0,1.0,1.0,5.0,21734.0,0.0,27.6,7.0,52.8,
202,10th,42.74%,8370,Elementary School,FY14,493.0,0.0,0.2,0.0,0.0,0.0,0.0,0.0,74346.0,2.0,2.8,0.0,5.0,13.0,1.0,0.4,0.0,1.0,1.0,3.0,30287.0,0.0,21.0,6.0,46.4,
203,8th,80.68%,5500,K‐8 School,FY14,689.0,0.0,0.0,0.0,0.0,0.0,0.0,0.0,106773.0,4.0,7.0,0.0,11.0,18.0,1.6,1.0,0.0,1.0,1.0,5.0,31545.0,1.0,30.3,12.0,70.9,
204,3rd,73.08%,1340,K‐8 School,FY14,581.0,0.0,0.4,0.0,0.0,0.0,0.0,0.0,164294.0,0.0,7.7,0.0,8.1,11.0,1.2,1.0,0.0,1.0,1.0,4.0,96081.0,0.0,25.7,7.0,51.9,
205,5th,61.74%,5150,High School,FY14,494.0,0.0,0.0,0.0,0.0,0.0,0.0,0.0,40684.0,0.0,0.2,0.0,0.2,5.0,1.0,0.4,0.0,1.0,1.0,4.0,21329.0,0.0,22.5,1.0,35.9,
206,10th,52.46%,8030,High School,FY14,1686.0,11.0,0.6,0.0,0.0,0.0,0.0,0.0,29985.0,2.0,1.6,0.0,15.2,15.0,1.4,2.0,0.0,3.0,2.0,11.0,47393.0,0.0,69.8,22.0,126.2,
207,3rd,85.44%,8460,High School,FY14,0.0,0.0,0.0,0.0,0.0,0.0,0.0,0.0,37607.0,0.0,0.0,0.0,0.0,0.0,2.0,0.2,1.0,1.0,2.0,7.0,148302.0,0.0,11.2,4.0,28.4,
208,8th,85.09%,6390,K‐8 School,FY14,544.0,1.0,0.0,0.0,0.0,0.0,0.0,0.0,162020.0,0.0,5.8,0.0,6.8,0.0,1.0,0.5,0.0,1.0,1.0,3.0,31707.0,0.0,21.2,3.0,30.7,
209,8th,39.44%,6270,K‐8 School,FY14,501.0,0.0,0.0,0.0,0.0,0.0,0.0,0.0,70388.0,1.0,1.8,0.0,2.8,5.0,1.0,1.0,0.0,1.0,1.0,3.0,27242.0,0.0,20.8,5.0,37.8,
210,10th,50.60%,8260,Elementary School,FY14,460.0,0.0,0.0,0.0,0.0,0.0,0.0,0.0,77147.0,2.0,2.8,0.0,4.8,5.0,1.0,0.4,0.0,1.0,1.0,4.0,15318.0,0.0,18.9,3.0,34.3,
211,1st,72.43%,5300,Elementary School,FY14,342.0,0.0,0.0,0.0,0.0,0.0,0.0,0.0,38961.0,2.4,4.8,0.0,7.2,17.0,1.0,1.0,0.0,1.0,1.0,3.0,23184.0,1.0,13.0,8.0,46.0,
212,10th,65.08%,8380,K‐8 School,FY14,998.0,0.0,0.6,0.0,0.0,0.0,0.0,0.0,96099.0,2.0,5.9,0.0,8.5,16.0,2.6,1.0,0.0,1.0,2.0,7.0,34993.0,0.0,40.6,9.0,79.2,
213,8th,85.17%,6470,Elementary School,FY14,685.0,0.0,0.0,0.0,0.0,0.0,0.0,0.0,157277.0,3.0,8.4,0.0,11.4,14.0,1.0,0.6,0.0,1.0,1.0,5.0,34729.0,8.0,23.6,9.0,63.2,
214,9th,81.93%,7320,Elementary School,FY14,268.0,0.0,0.0,0.0,0.0,0.0,0.0,0.0,89601.0,0.0,3.8,0.0,3.8,3.0,1.0,0.2,0.0,1.0,1.0,2.0,5158.0,0.0,10.6,4.0,22.8,
0,2nd,83.44%,1380,Elementary School,FY18,640.0,0.0,0.2,0.0,0.0,0.0,0.0,7.0,19977.0,5.0,8.6,0.2,21.0,8.0,0.8,1.0,1.2,1.0,1.0,1.0,100159.0,2.0,25.0,2.8,43.8,
1,4th,79.34%,4370,Elementary School,FY18,242.0,0.0,0.0,0.0,0.0,0.0,0.0,2.0,21444.0,0.0,2.8,1.2,6.0,1.0,1.0,1.0,0.0,1.0,1.0,0.0,74924.0,0.0,13.9,0.8,19.7,
2,8th,54.18%,5070,High School,FY18,261.0,0.0,0.0,0.0,0.0,0.0,0.0,2.0,3740.0,0.0,0.2,0.2,2.4,0.0,1.0,1.0,0.0,1.0,1.0,0.0,79458.0,0.0,11.4,1.8,17.2,
3,3rd,84.48%,1260,K‐8 School,FY18,516.0,1.0,1.6,0.0,1.0,0.0,0.0,4.6,4997.0,1.0,5.0,0.2,14.4,7.0,0.5,1.0,0.0,1.0,1.0,1.4,113276.0,1.0,21.1,3.8,37.8,
4,7th,86.01%,5420,K‐8 School,FY18,382.0,0.0,1.2,0.0,1.0,0.0,0.0,5.0,71373.0,1.7,3.0,0.2,12.1,2.0,1.4,1.0,0.0,1.0,1.0,0.0,80079.0,0.4,20.8,3.8,31.3,
5,5th,19.97%,2140,Middle Secondary,FY18,1198.0,0.0,0.0,0.0,0.0,0.0,0.0,4.2,63315.0,0.0,0.6,0.2,5.1,2.0,3.0,1.2,0.8,2.0,2.0,0.8,39408.0,0.0,54.5,0.8,67.0,
6,9th,73.92%,6350,K‐8 School,FY18,379.0,0.0,1.4,0.0,1.0,0.0,0.0,2.0,23207.0,3.0,4.2,1.2,12.8,13.0,0.6,1.0,0.0,1.0,1.0,0.0,139150.0,0.0,17.0,4.8,38.4,
7,1st,61.82%,2510,K‐8 School,FY18,580.0,0.0,0.5,0.0,0.0,0.0,0.0,0.0,31404.0,3.0,6.2,0.2,9.9,3.0,1.7,1.0,1.0,1.0,1.0,4.0,66739.0,0.0,25.2,2.8,40.7,
8,9th,73.64%,7400,K‐8 School,FY18,884.0,0.0,1.9,0.0,0.0,0.0,0.0,5.6,57670.0,0.0,9.2,0.2,17.0,8.0,0.9,1.0,0.0,2.0,1.0,6.4,189599.0,0.0,37.0,7.8,64.1,
9,4th,69.79%,1030,High School,FY18,487.0,0.0,0.4,0.0,0.0,0.0,0.0,0.0,9391.0,0.0,1.2,0.2,1.9,18.0,0.6,1.0,0.0,1.0,1.0,2.0,101859.0,0.0,21.3,9.8,54.6,
10,3rd,81.08%,1460,K‐8 School,FY18,479.0,0.0,0.7,0.0,1.0,0.0,0.0,1.0,18963.0,3.0,6.2,0.2,12.1,3.0,0.3,1.0,0.0,1.0,1.0,6.0,56562.0,2.0,20.0,3.8,38.1,
11,3rd,74.72%,1580,Middle School,FY18,275.0,0.0,1.0,0.0,0.0,0.0,0.0,0.0,5248.0,0.0,0.0,0.2,1.2,6.0,0.5,0.5,0.0,1.0,1.0,2.0,44913.0,0.0,14.1,2.8,27.9,
12,5th,89.54%,4570,K‐8 School,FY18,379.0,0.0,0.5,0.0,0.0,0.0,0.0,5.0,51520.0,5.3,6.4,1.2,18.5,8.0,2.5,1.0,0.0,1.0,1.0,0.0,83739.0,0.7,17.0,5.8,37.0,
13,6th,75.02%,8340,Elementary School,FY18,1203.0,0.0,2.4,0.0,0.0,1.0,0.0,0.0,36909.0,0.0,10.0,0.0,13.4,10.0,2.6,1.4,0.0,2.0,2.0,8.0,95740.0,0.0,51.4,9.0,86.4,
14,7th,81.37%,7200,Elementary School,FY18,717.0,0.0,1.2,0.0,0.0,0.0,0.0,0.0,3820.0,0.0,13.0,0.2,14.5,5.0,1.4,2.0,0.0,1.0,2.0,7.0,51489.0,1.0,24.9,3.8,48.0,
15,5th,87.07%,7510,K‐8 School,FY18,728.0,0.0,0.1,0.0,0.0,0.6,0.0,5.0,42495.0,0.0,9.8,0.2,15.7,2.0,1.1,1.0,0.0,1.4,1.0,0.0,279304.0,0.0,30.2,1.8,38.5,
16,3rd,46.89%,2050,Middle School,FY18,176.0,0.0,0.0,0.0,0.0,0.0,0.0,1.0,1563.0,0.0,2.0,0.2,3.2,1.0,1.0,1.0,0.0,1.0,1.0,2.0,33248.0,0.0,8.2,1.8,17.0,
17,7th,87.96%,5530,Elementary School,FY18,699.0,0.0,2.2,0.0,0.5,0.0,0.0,6.6,59082.0,3.0,10.7,0.2,23.2,11.0,0.8,1.0,0.7,1.0,1.0,0.4,68029.0,0.0,29.4,5.8,51.1,
18,5th,79.44%,5160,Middle Secondary,FY18,539.0,0.0,1.0,0.0,2.0,1.0,0.0,2.0,8774.0,0.0,3.5,0.2,9.7,10.0,1.2,1.0,0.0,2.0,1.0,0.0,66238.0,0.0,27.5,12.8,55.5,
19,8th,85.69%,4380,Elementary School,FY18,489.0,0.0,1.0,0.0,0.0,0.0,0.0,1.0,18815.0,3.0,7.1,0.2,12.3,4.0,0.0,1.0,0.0,1.0,1.0,5.0,128127.0,0.0,20.0,2.8,34.8,
20,3rd,83.60%,1370,K‐8 School,FY18,528.0,0.0,0.0,0.0,0.1,1.0,0.0,0.0,273901.0,1.0,6.2,0.2,8.6,4.0,2.0,1.0,0.9,1.0,1.0,0.0,245300.0,0.0,27.9,2.8,40.6,
21,3rd,85.16%,1290,K‐8 School,FY18,528.0,0.0,0.0,0.0,0.0,1.0,0.0,3.0,122170.0,4.0,3.8,0.2,12.0,13.0,1.0,1.0,0.0,1.0,1.0,0.0,79434.0,0.0,22.5,6.8,46.3,
22,5th,59.57%,5080,High School,FY18,479.0,0.0,1.0,0.0,0.0,0.0,0.0,1.0,6688.0,1.0,0.4,0.2,3.6,1.0,1.0,1.0,0.0,1.0,1.0,2.0,467538.0,0.0,21.7,0.8,29.5,
23,5th,32.05%,2650,High School,FY18,500.0,0.0,0.6,0.0,0.0,0.0,0.0,0.0,14754.0,0.0,0.5,0.2,1.3,6.0,2.5,1.0,0.0,1.0,1.0,0.0,13273.0,0.0,24.4,2.8,38.6,
24,8th,64.13%,6440,K‐8 School,FY18,412.0,0.0,0.0,0.0,0.0,0.0,0.0,0.0,9526.0,2.0,4.0,0.2,6.2,6.0,1.0,2.0,0.0,1.0,1.0,4.0,44289.0,0.0,21.3,2.8,39.1,
25,8th,41.79%,6010,High School,FY18,2379.0,0.0,0.2,0.0,0.0,0.0,0.0,0.0,12857.0,0.0,3.5,0.2,3.9,2.0,5.2,2.0,0.0,4.0,2.0,2.0,161249.0,0.0,99.5,0.8,117.5,
26,7th,80.32%,7310,Elementary School,FY18,755.0,0.0,1.5,0.0,1.0,0.0,0.0,0.0,95750.0,5.0,4.0,0.2,11.7,11.0,1.7,1.0,0.0,2.0,1.0,8.0,62394.0,0.0,34.7,4.8,64.2,
27,5th,42.81%,4030,Middle Secondary,FY18,889.0,0.0,1.5,0.0,0.0,0.0,0.0,0.0,4449.0,0.0,0.0,0.2,1.7,2.0,1.5,1.0,0.4,1.0,1.0,3.0,205013.0,0.0,42.6,1.8,54.3,
28,6th,74.75%,8250,Elementary School,FY18,1229.0,0.0,0.1,0.0,1.0,0.0,0.0,5.0,74666.0,7.0,7.2,0.2,20.5,6.0,3.1,1.2,0.0,3.0,2.0,3.0,58540.0,0.0,44.8,7.8,70.9,
29,3rd,84.11%,1490,K‐8 School,FY18,450.0,0.0,0.0,0.0,0.0,1.0,0.0,5.0,229246.0,3.2,2.6,0.2,12.1,4.0,3.0,1.0,1.0,1.0,1.0,0.0,145689.0,1.8,24.6,2.8,40.1,
30,7th,86.46%,5680,K‐8 School,FY18,612.0,0.0,2.0,0.0,0.0,1.0,0.0,2.8,307934.0,2.0,4.9,0.2,12.9,13.0,2.0,1.0,1.0,2.0,1.0,0.2,47514.0,1.0,32.2,6.8,60.2,
31,5th,87.35%,4460,K‐8 School,FY18,691.0,0.0,2.0,0.0,1.0,0.8,0.0,3.0,191371.0,1.0,5.9,0.2,13.9,0.0,1.0,1.0,0.0,1.2,1.0,1.0,109784.0,1.0,26.1,3.8,36.1,
32,7th,84.13%,5330,K‐8 School,FY18,552.0,0.0,1.2,0.0,0.9,0.0,0.0,1.3,56736.0,2.0,5.4,0.2,11.1,17.0,1.4,2.0,0.0,1.0,1.0,4.7,62119.0,2.0,23.5,6.8,59.4,
33,4th,71.70%,6320,K‐8 School,FY18,318.0,0.0,0.0,0.0,0.0,0.0,0.0,0.0,3079.0,0.0,2.9,0.2,3.2,4.0,1.0,1.0,0.0,1.0,1.0,2.0,59647.0,0.0,16.3,2.8,29.1,
34,2nd,60.69%,2480,K‐8 School,FY18,261.0,0.0,0.0,0.0,0.0,0.0,0.0,1.0,17769.0,0.0,3.8,0.2,5.0,8.0,1.0,2.0,0.0,1.0,1.0,2.0,22889.0,0.0,12.5,5.8,33.2,
35,6th,61.93%,7470,K‐8 School,FY18,817.0,0.0,0.4,0.0,0.0,0.0,0.0,6.0,54039.0,0.0,4.0,0.0,10.4,7.0,0.6,1.1,0.0,2.0,2.0,1.0,81142.0,0.0,34.7,9.0,57.4,
36,10th,49.90%,8160,Middle School,FY18,1440.0,0.0,2.7,0.0,0.0,0.0,0.0,0.0,18067.0,1.0,0.5,1.2,5.5,33.0,1.1,1.4,0.0,4.0,2.0,8.0,268934.0,0.0,70.5,16.8,136.8,
37,3rd,85.74%,4300,K‐8 School,FY18,544.0,0.0,0.0,0.0,1.0,1.0,0.0,0.0,238307.0,3.0,2.0,0.2,7.2,9.0,3.0,2.0,0.0,1.0,1.0,7.0,67339.0,1.0,30.3,5.8,60.1,
38,9th,72.94%,7270,K‐8 School,FY18,746.0,0.0,0.2,0.0,1.0,0.0,0.0,6.0,87828.0,2.0,7.4,1.2,17.8,6.0,1.2,1.0,0.0,1.0,1.0,0.0,131381.0,8.0,33.0,3.8,55.0,
39,4th,71.67%,6090,High School,FY18,491.0,0.0,0.0,0.0,0.0,0.0,0.0,1.8,120495.0,0.0,3.6,0.2,5.6,0.0,1.0,1.0,1.0,1.0,0.0,2.2,93287.0,0.0,25.6,2.8,34.6,
40,8th,83.10%,7390,K‐8 School,FY18,699.0,0.0,0.2,0.0,0.0,0.0,0.0,8.5,10416.0,3.0,7.0,0.2,19.0,8.0,2.4,1.0,0.0,2.0,1.0,0.5,72844.0,1.0,29.9,5.8,51.5,
41,5th,82.80%,5250,K‐8 School,FY18,279.0,0.0,0.0,0.0,0.0,1.0,0.0,0.0,175922.0,2.0,5.2,0.2,8.4,9.0,2.0,1.0,1.0,1.0,1.0,2.0,46954.0,0.0,16.1,3.8,36.9,
42,3rd,86.92%,1410,K‐8 School,FY18,555.0,0.0,0.6,0.0,1.0,1.0,0.0,7.0,55944.0,3.0,4.0,0.2,16.8,4.0,0.4,1.0,0.0,1.0,1.0,0.0,80794.0,0.0,25.4,3.8,36.6,
43,3rd,81.20%,1300,K‐8 School,FY18,497.0,0.0,0.6,0.0,0.8,0.0,0.0,0.0,7175.0,0.0,4.0,0.2,5.6,10.0,0.4,1.0,0.2,1.0,1.0,4.0,161756.0,4.0,20.0,6.8,48.4,
44,10th,46.87%,8420,K‐8 School,FY18,1040.0,0.0,1.0,0.0,0.0,0.0,0.0,5.0,21523.0,4.0,5.2,1.2,16.4,30.0,2.0,1.4,0.0,2.0,1.0,4.0,80159.0,1.0,41.2,10.8,93.4,
45,8th,75.35%,7130,Middle School,FY18,521.0,0.0,1.8,0.0,0.0,0.0,0.0,0.0,21119.0,0.0,3.0,0.2,5.0,11.0,0.2,1.0,0.0,1.0,1.0,5.0,127988.0,0.0,23.5,4.8,47.5,
46,1st,65.14%,2590,K‐8 School,FY18,374.0,0.0,0.2,0.0,0.0,0.0,0.0,0.0,42907.0,0.0,5.0,1.2,6.4,20.0,1.2,1.0,0.0,1.0,1.0,4.0,63604.0,0.0,17.4,7.8,53.4,
47,2nd,17.07%,2470,K‐8 School,FY18,623.0,0.0,0.0,0.0,0.0,0.0,0.0,0.0,32520.0,2.6,5.2,0.2,8.0,17.0,1.0,1.0,0.0,1.0,1.0,4.0,48959.0,2.4,26.4,4.8,58.6,
48,2nd,40.49%,2020,High School,FY18,707.0,0.0,1.0,0.0,0.0,0.0,0.0,0.0,74009.0,0.0,1.0,0.2,2.2,6.0,1.0,1.0,0.0,1.0,2.0,4.0,157478.0,0.0,32.1,3.8,50.9,
49,8th,72.15%,6230,K‐8 School,FY18,240.0,0.0,0.0,0.0,0.0,0.0,0.0,0.8,9074.0,0.0,2.8,0.2,3.8,9.0,1.0,1.0,0.0,1.0,1.0,1.2,26649.0,1.0,11.6,0.8,27.6,
50,5th,80.76%,5340,K‐8 School,FY18,320.0,1.0,0.6,0.0,0.0,0.0,0.0,4.0,31673.0,4.0,3.2,0.2,13.0,11.0,0.4,2.0,0.0,1.0,1.0,0.0,144139.0,1.0,16.2,7.8,40.4,
51,2nd,55.90%,2620,High School,FY18,921.0,0.0,1.0,0.0,0.4,0.0,0.0,0.0,4854.0,2.0,0.5,0.2,4.0,6.0,1.2,1.0,0.9,1.0,1.0,4.0,173485.0,0.0,40.1,1.8,57.0,
52,9th,75.99%,7280,K‐8 School,FY18,993.0,0.0,1.2,0.0,1.0,0.0,0.0,7.8,117435.0,14.0,6.2,0.2,30.4,5.0,2.4,1.2,0.0,2.0,1.0,4.3,131719.0,2.0,40.9,5.8,64.5,
53,8th,73.69%,6060,High School,FY18,682.0,0.0,2.7,0.0,1.0,1.0,0.0,2.0,316556.0,0.0,4.6,0.2,11.5,20.0,3.3,1.1,1.0,3.0,1.0,3.0,131907.0,0.0,29.0,16.8,78.2,
54,5th,85.62%,2390,K‐8 School,FY18,302.0,0.0,1.0,0.0,0.0,0.0,0.0,0.0,8460.0,2.8,1.2,0.2,5.2,6.0,0.0,1.0,0.0,1.0,1.0,3.0,94859.0,3.2,16.0,2.8,34.0,
55,7th,87.75%,7730,Middle School,FY18,444.0,0.0,2.3,0.0,0.0,1.0,0.0,2.0,185928.0,2.0,2.6,0.2,10.2,5.0,3.5,0.5,0.2,1.0,2.0,2.0,126845.0,0.0,22.5,5.8,42.5,
56,4th,73.53%,4020,High School,FY18,581.0,0.0,1.0,0.0,2.0,0.0,0.0,3.0,33952.0,0.0,5.0,0.2,11.2,7.0,0.0,1.0,0.0,2.0,1.0,2.0,76902.0,1.0,24.2,8.8,47.0,
57,6th,75.58%,8240,K‐8 School,FY18,904.0,0.0,0.1,0.0,0.0,0.0,0.0,4.0,106942.0,1.0,5.0,0.2,10.3,2.0,1.1,1.0,1.0,2.0,1.0,0.0,32864.0,4.0,37.2,3.8,53.1,
58,5th,86.68%,4470,Elementary School,FY18,353.0,0.0,1.9,0.0,1.0,0.0,0.0,3.0,35429.0,1.6,4.1,1.2,12.8,16.0,0.1,2.0,0.0,1.0,1.0,0.0,168329.0,2.5,14.5,6.8,43.9,
59,2nd,78.27%,1130,Middle School,FY18,380.0,0.0,1.0,0.0,0.8,0.0,0.0,1.0,20465.0,3.0,1.4,0.2,7.4,5.0,0.0,1.0,0.2,1.0,1.0,1.0,90888.0,3.0,19.3,5.8,37.3,
60,5th,87.52%,5320,K‐8 School,FY18,516.0,0.0,1.0,0.0,1.0,0.0,0.0,5.2,18825.0,0.0,4.6,0.0,11.7,14.0,0.0,1.0,2.0,1.0,1.0,0.9,167959.0,0.0,28.7,8.0,56.6,
61,1st,74.56%,2640,K‐8 School,FY18,794.0,0.0,1.4,0.0,1.0,0.0,0.0,0.0,239496.0,4.0,5.2,0.2,11.9,7.0,3.2,1.0,0.0,2.0,1.0,7.0,91949.0,1.0,41.7,4.8,68.6,
62,4th,53.16%,6450,K‐8 School,FY18,270.0,0.0,0.0,0.0,0.0,0.0,0.0,0.0,18261.0,2.0,3.2,0.2,5.4,13.0,1.0,1.0,0.0,1.0,1.0,3.0,24274.0,0.0,12.0,6.8,38.8,
63,5th,61.17%,2210,K‐8 School,FY18,464.0,0.0,2.1,0.0,0.0,0.0,0.0,1.0,61088.0,3.0,3.4,0.2,9.7,27.0,4.1,2.3,0.0,2.0,1.0,4.0,210839.0,0.0,24.4,15.8,80.6,
64,7th,80.40%,7300,K‐8 School,FY18,915.0,0.0,2.4,0.0,1.0,0.6,0.0,0.0,3825.0,4.0,8.0,0.2,16.2,6.0,1.6,1.2,0.0,1.4,1.0,9.0,142484.0,4.0,41.2,7.8,73.2,
65,7th,78.32%,5520,High School,FY18,516.0,0.0,1.5,0.0,0.0,0.0,0.0,0.0,8167.0,0.0,3.7,0.2,5.4,13.0,1.7,1.0,1.0,2.0,1.0,2.0,58718.0,0.0,23.7,7.8,53.2,
66,7th,83.65%,5170,K‐8 School,FY18,903.0,0.0,0.8,0.0,0.0,0.0,0.0,11.0,23550.0,4.6,5.0,0.2,21.7,22.0,0.2,3.1,0.0,2.0,1.0,0.0,85230.0,1.4,41.0,10.8,81.4,
67,3rd,83.60%,1360,K‐8 School,FY18,388.0,0.0,0.0,0.0,1.0,1.0,0.0,3.0,244199.0,0.0,5.8,0.2,11.0,11.0,3.0,2.0,0.0,1.0,1.0,2.0,90594.0,4.0,19.3,5.8,49.0,
68,6th,67.78%,8010,High School,FY18,1672.0,0.0,4.1,0.0,1.0,0.4,0.0,4.0,39849.0,2.0,15.0,0.2,26.7,29.0,9.3,1.4,0.0,3.6,3.0,4.0,235439.0,0.0,73.7,25.8,149.8,
69,3rd,27.57%,1280,K‐8 School,FY18,578.0,0.0,0.0,0.0,0.0,0.0,1.0,0.0,1264443.0,1.0,9.1,2.2,13.3,6.0,1.0,1.0,0.0,1.0,0.0,4.0,47659.0,0.0,26.0,0.8,39.8,
70,3rd,66.78%,5090,High School,FY18,315.0,0.0,0.0,0.0,0.0,0.0,0.0,1.7,1942.0,0.0,1.6,0.2,3.5,4.0,1.0,0.5,0.0,1.0,1.0,0.3,88418.0,0.0,12.4,2.8,23.0,
71,5th,88.75%,4270,K‐8 School,FY18,529.0,0.0,2.0,0.0,0.0,0.0,0.0,6.0,65152.0,6.0,6.0,0.0,20.0,2.0,0.0,1.0,0.0,1.0,1.0,0.0,145639.0,0.0,21.0,5.0,31.0,
72,10th,59.82%,8440,Elementary School,FY18,859.0,0.0,1.6,0.0,0.0,0.0,0.0,4.5,6407.0,1.0,7.2,0.0,14.4,18.0,1.0,3.0,0.0,2.0,2.0,1.5,106309.0,1.0,36.8,11.0,76.2,
73,7th,78.88%,7150,K‐8 School,FY18,1114.0,0.0,1.6,0.0,0.0,0.0,0.0,2.4,42636.0,4.0,8.8,0.2,17.0,3.0,1.8,1.1,1.0,2.0,2.0,5.6,132439.0,0.0,47.6,5.8,69.9,
74,7th,76.42%,7500,Middle School,FY18,577.0,0.0,1.4,0.0,0.0,0.0,0.0,4.0,139140.0,1.0,2.2,1.2,9.8,9.0,0.6,1.0,0.0,1.0,1.0,0.0,148048.0,0.0,29.1,6.8,48.5,
75,2nd,32.07%,2410,Middle Secondary,FY18,617.0,0.0,0.0,0.0,0.0,0.0,0.0,0.0,88218.0,0.0,0.5,0.2,0.7,0.0,1.5,1.0,0.4,1.0,1.0,4.0,36208.0,0.0,28.6,1.8,39.3,
76,8th,46.15%,6250,K‐8 School,FY18,482.0,0.0,0.0,0.0,0.0,0.0,0.0,0.0,31894.0,0.0,4.0,0.2,4.2,16.0,1.0,1.0,0.0,1.0,1.0,5.0,67959.0,0.0,21.7,5.8,52.5,
77,4th,49.10%,6540,High School,FY18,344.0,0.0,0.0,0.0,0.0,0.0,0.0,3.0,50802.0,0.0,0.0,0.2,3.2,4.0,1.0,1.0,0.0,1.0,1.0,0.0,100393.0,0.0,15.1,2.8,25.9,
78,3rd,77.59%,1020,High School,FY18,474.0,0.0,0.0,0.0,0.0,1.0,0.0,3.0,168813.0,0.0,4.3,0.2,8.5,17.0,2.0,1.0,0.0,2.0,1.0,2.0,57208.0,0.0,23.9,11.8,60.7,
79,7th,72.84%,5230,Middle School,FY18,409.0,0.0,0.0,0.0,0.8,0.0,0.0,0.0,4057.0,1.0,0.7,1.2,3.8,4.0,1.0,1.0,0.2,1.0,1.0,2.0,33648.0,1.0,19.7,0.8,31.6,
80,4th,57.35%,4480,K‐8 School,FY18,263.0,0.0,0.0,0.0,0.0,0.0,0.0,0.0,2594.0,0.0,2.8,0.2,3.1,16.0,1.0,1.0,0.0,1.0,1.0,0.0,73606.0,0.0,13.4,9.8,43.1,
81,7th,79.92%,5660,High School,FY18,271.0,0.0,2.0,0.0,0.0,0.0,0.0,0.0,5818.0,0.0,0.0,0.2,2.2,0.0,1.0,0.5,0.0,1.0,1.0,0.0,34383.0,0.0,14.0,1.8,19.3,
82,3rd,86.80%,1470,K‐8 School,FY18,450.0,0.0,0.2,0.0,1.0,1.0,0.0,0.0,75325.0,4.0,7.8,0.2,14.2,10.0,1.2,1.0,0.0,1.0,1.0,3.0,72424.0,0.0,20.4,5.8,43.4,
83,5th,87.31%,4560,K‐8 School,FY18,377.0,0.0,1.0,0.0,0.0,0.0,0.0,1.0,147053.0,5.0,4.2,0.2,11.4,9.0,1.0,1.0,0.0,1.0,1.0,0.0,99709.0,0.0,16.6,2.8,32.4,
84,7th,75.09%,8350,K‐8 School,FY18,1413.0,0.0,3.7,0.0,0.0,0.0,0.0,3.0,61496.0,10.0,6.8,0.2,23.7,17.0,4.5,3.6,1.0,2.0,2.0,4.0,103015.0,0.0,59.5,9.8,103.4,
85,8th,85.84%,6340,Elementary School,FY18,438.0,0.0,0.1,0.0,0.9,0.0,0.0,4.0,13041.0,4.0,7.2,0.2,16.4,2.0,1.0,1.0,0.0,1.0,1.0,2.0,75599.0,0.0,15.9,1.8,25.7,
86,3rd,62.01%,1390,Elementary School,FY18,269.0,0.0,0.0,0.0,0.8,0.0,0.0,0.0,29503.0,4.0,3.8,0.2,8.8,0.0,1.2,1.0,0.0,1.0,1.0,3.0,37101.0,0.0,10.4,2.8,20.4,
87,8th,88.51%,4360,K‐8 School,FY18,458.0,0.0,0.0,0.0,0.0,0.0,0.0,0.0,4487.0,0.0,6.8,0.0,6.8,11.0,3.0,1.0,1.0,2.0,1.0,5.0,152854.0,1.0,20.9,8.0,53.9,
88,1st,80.63%,5060,High School,FY18,791.0,0.0,0.7,0.0,0.0,0.0,0.0,4.0,70396.0,0.0,7.0,0.2,11.9,0.0,1.1,1.0,1.0,2.0,1.0,0.0,113373.0,0.0,38.0,4.8,48.9,
89,4th,68.17%,4280,Elementary School,FY18,339.0,0.0,0.7,0.0,0.0,0.0,0.0,0.0,27778.0,5.0,6.2,0.2,12.1,13.0,0.4,1.0,0.0,1.0,1.0,8.0,66564.0,2.0,17.1,5.8,49.2,
90,6th,75.06%,5430,Middle School,FY18,444.0,0.0,1.0,0.0,0.0,0.0,0.0,1.0,11697.0,0.0,0.1,0.2,2.4,3.0,0.0,1.0,0.0,1.0,1.0,6.0,84974.0,0.0,21.2,3.8,36.9,
91,1st,76.75%,2630,K‐8 School,FY18,546.0,0.0,0.7,0.0,0.0,0.0,0.0,4.0,36893.0,0.0,5.1,0.2,10.0,17.0,0.5,2.0,0.0,1.0,1.0,1.0,101359.0,1.0,23.1,10.8,57.4,
92,7th,84.89%,7290,K‐8 School,FY18,524.0,1.0,1.2,0.0,0.0,0.0,0.0,0.0,77292.0,10.0,6.8,0.2,19.2,4.0,0.2,1.0,0.0,1.0,1.0,4.0,69879.0,0.0,23.3,5.8,40.3,
93,2nd,80.86%,2260,K‐8 School,FY18,525.0,0.0,0.3,0.0,0.7,0.0,0.0,0.0,7137.0,0.0,4.2,0.2,5.4,12.0,1.8,2.0,0.0,1.0,1.0,5.0,35607.0,0.0,24.2,8.8,55.8,
94,1st,15.13%,2380,K‐8 School,FY18,576.0,0.0,0.0,0.0,0.0,0.0,0.0,0.0,29083.0,2.5,4.6,1.2,8.3,5.0,1.0,1.0,0.0,1.0,1.0,5.0,49311.0,1.5,25.1,2.8,43.4,
95,9th,74.31%,7370,Middle School,FY18,547.0,0.0,0.2,0.0,0.0,0.0,0.0,3.0,121649.0,5.0,2.5,0.2,10.9,16.0,2.2,1.0,1.0,1.0,1.0,0.0,61778.0,0.0,26.3,7.8,56.3,
96,10th,64.49%,8230,Elementary School,FY18,360.0,0.0,0.0,0.0,0.0,0.0,0.0,5.0,10716.0,0.0,2.4,0.2,7.6,5.0,1.0,1.0,0.0,1.0,1.0,0.0,18769.0,1.0,15.5,1.8,27.3,
97,1st,83.01%,5700,High School,FY18,589.0,0.0,2.0,0.0,1.0,1.0,0.0,3.0,38603.0,0.0,5.1,0.2,12.3,11.0,1.0,1.0,0.0,2.0,2.0,2.0,188403.0,0.0,31.3,9.8,60.0,
98,7th,85.71%,5350,K‐8 School,FY18,455.0,0.0,0.2,0.0,0.0,0.0,0.0,3.0,157927.0,3.0,4.8,0.2,11.2,13.0,1.2,1.0,0.0,1.0,1.0,3.0,43039.0,2.0,22.1,5.8,50.1,
99,9th,68.40%,7120,High School,FY18,979.0,0.0,2.3,0.0,0.0,0.0,0.0,9.0,55763.0,0.0,4.9,0.2,16.5,12.0,2.5,1.2,0.0,3.0,2.0,0.0,186786.0,0.0,45.7,12.8,79.2,
100,1st,75.45%,2580,K‐8 School,FY18,550.0,0.0,0.7,0.0,0.0,0.0,0.0,2.0,14362.0,1.0,3.6,0.2,7.6,9.0,2.1,1.0,0.0,1.0,1.0,2.0,98719.0,0.0,27.6,5.8,49.5,
101,8th,77.70%,7490,Elementary School,FY18,540.0,0.0,1.0,0.0,1.0,0.0,0.0,0.0,43078.0,12.0,5.8,1.2,21.0,18.0,1.0,1.0,0.0,1.0,1.0,7.0,43654.0,3.0,20.4,6.8,59.2,
102,8th,81.47%,6220,Elementary School,FY18,395.0,0.0,0.4,0.0,0.0,0.0,0.0,1.0,30269.0,4.0,5.8,0.2,11.4,10.0,0.6,2.0,0.0,1.0,1.0,3.0,100964.0,0.0,15.4,4.8,37.8,
103,1st,82.81%,5550,High School,FY18,424.0,0.0,2.4,0.0,1.0,0.0,0.0,3.0,162497.0,0.0,1.4,0.2,8.1,5.0,1.0,1.0,0.0,2.0,1.0,1.0,144580.0,0.0,20.2,5.8,37.0,
104,10th,26.69%,8430,K‐8 School,FY18,793.0,0.0,0.1,0.0,0.0,0.0,0.0,1.0,61200.0,1.0,5.2,1.2,8.5,17.0,1.1,1.0,0.0,2.0,1.0,6.0,74499.0,2.0,32.2,8.8,71.1,
105,3rd,69.26%,1050,High School,FY18,307.0,0.0,1.0,0.0,0.0,0.0,0.0,0.0,12355.0,0.0,1.8,0.2,3.0,0.0,0.1,1.0,0.0,1.0,1.0,2.0,87858.0,1.0,13.4,1.8,21.2,
106,9th,77.85%,5610,High School,FY18,385.0,0.0,1.0,0.0,1.0,0.0,0.0,1.0,8720.0,0.0,0.0,0.2,3.2,0.0,0.0,1.0,0.0,1.0,1.0,2.0,52163.0,0.0,21.2,2.8,29.0,
107,2nd,80.91%,1400,Elementary School,FY18,585.0,0.0,0.0,0.0,0.0,0.0,0.0,3.0,34257.0,2.0,11.0,0.2,16.2,2.0,1.0,2.0,0.0,1.0,1.0,2.0,65069.0,3.0,21.9,2.8,36.7,
108,10th,49.06%,8770,K‐8 School,FY18,744.0,0.0,0.0,0.0,0.0,0.7,0.0,0.0,18924.0,0.0,4.2,0.2,5.1,26.0,13.0,2.6,0.0,2.3,2.0,6.0,105969.0,0.0,32.1,17.8,101.8,
109,5th,81.82%,4140,High School,FY18,303.0,0.0,0.8,0.0,0.2,1.0,0.0,3.0,133241.0,0.0,2.2,0.2,7.4,13.0,2.0,1.0,1.0,2.0,1.0,3.0,99105.0,0.0,12.0,6.8,41.8,
110,5th,61.38%,2290,High School,FY18,889.0,0.0,2.4,0.0,0.0,0.0,0.0,6.0,13512.0,0.0,0.5,0.2,9.1,2.0,1.0,1.0,0.0,2.0,1.0,0.0,245128.0,0.0,48.2,1.8,57.0,
111,9th,71.78%,7260,Elementary School,FY18,286.0,1.0,0.0,0.0,0.0,0.0,0.0,5.0,30389.0,0.0,3.4,0.2,9.6,0.0,1.0,1.0,0.0,1.0,1.0,0.0,54179.0,1.0,13.0,1.8,19.8,
112,7th,85.53%,7380,Elementary School,FY18,621.0,0.0,0.2,0.0,0.0,0.0,0.0,5.0,201972.0,11.0,6.8,0.2,23.3,2.0,1.4,1.0,0.0,2.0,1.0,5.0,101539.0,0.0,28.3,1.8,42.4,
113,2nd,86.23%,2370,K‐8 School,FY18,452.0,0.0,2.0,0.0,1.0,0.0,0.0,9.0,87476.0,4.0,3.4,0.2,19.6,6.0,0.0,2.0,1.0,3.0,2.0,1.0,202644.0,0.0,24.8,2.8,42.6,
114,1st,72.92%,2720,K‐8 School,FY18,367.0,0.0,0.2,0.0,1.0,0.0,0.0,0.0,6972.0,2.0,2.0,0.2,5.4,13.0,1.2,1.0,0.0,1.0,1.0,4.0,110184.0,2.0,21.4,7.8,52.4,
115,10th,54.97%,8090,High School,FY18,647.0,3.0,0.5,0.0,0.0,0.0,0.0,3.0,57069.0,0.0,5.1,0.0,11.6,6.0,0.7,1.0,0.0,1.0,1.0,0.0,94165.0,0.0,33.2,9.0,51.9,
116,4th,87.27%,1200,K‐8 School,FY18,652.0,0.0,0.0,0.0,1.2,1.0,0.0,2.2,397734.0,6.0,7.0,0.2,17.6,10.0,2.8,1.0,1.0,1.0,1.0,8.9,129443.0,0.0,31.1,5.8,62.6,
117,7th,88.57%,5440,Elementary School,FY18,738.0,0.0,1.3,0.0,0.0,0.0,0.0,0.4,11437.0,0.0,8.8,0.2,10.8,12.0,2.5,1.0,0.0,1.0,1.0,5.6,28234.0,0.0,29.0,4.8,56.9,
118,5th,84.12%,2490,K‐8 School,FY18,292.0,0.0,0.4,0.0,0.0,0.0,0.0,0.0,19807.0,1.0,5.8,1.2,8.4,6.0,0.7,1.0,1.0,1.0,1.0,3.0,97509.0,0.0,14.8,4.8,33.2,
119,7th,75.22%,7460,K‐8 School,FY18,546.0,0.0,1.1,0.0,0.0,0.0,0.0,2.0,25486.0,4.0,3.4,0.2,10.7,11.0,1.1,1.0,0.0,1.0,1.0,4.0,70844.0,2.0,24.8,7.8,53.7,
120,6th,78.27%,8200,K‐8 School,FY18,980.0,0.0,0.4,0.0,1.0,0.7,0.0,0.0,25033.0,4.0,5.2,0.2,11.5,7.0,1.6,1.2,0.0,2.3,1.0,5.0,148919.0,2.0,42.0,6.8,68.9,
121,5th,82.88%,4060,High School,FY18,613.0,0.0,0.0,0.0,0.7,0.0,0.0,0.0,26913.0,0.0,4.8,0.2,5.7,2.0,1.0,1.0,1.1,1.0,1.0,2.0,56641.0,0.0,30.4,4.8,44.3,
122,4th,48.20%,6410,K‐8 School,FY18,466.0,0.0,0.0,0.0,0.0,0.0,0.0,0.0,7270.0,0.8,3.9,0.2,4.9,14.0,1.0,1.0,0.0,1.0,1.0,2.0,52054.0,0.2,19.5,6.8,46.5,
123,4th,57.14%,6040,High School,FY18,505.0,0.0,0.0,0.0,0.0,0.0,0.0,3.0,3426.0,1.7,1.4,0.2,6.4,3.0,1.0,1.0,3.0,1.0,1.0,2.0,206023.0,0.3,25.6,2.8,40.6,
124,7th,84.69%,7360,Elementary School,FY18,393.0,0.0,0.0,0.0,1.0,1.0,0.0,3.6,175547.0,0.0,2.6,0.2,8.4,16.0,3.0,2.0,0.0,1.0,1.0,3.5,201374.0,0.0,22.9,6.8,56.1,
125,5th,84.09%,5560,K‐8 School,FY18,264.0,0.0,1.1,0.0,0.0,0.0,0.0,2.0,12198.0,2.0,3.7,0.2,9.0,0.0,0.1,1.0,0.2,1.0,1.0,1.0,143617.0,0.0,13.6,0.8,18.7,
126,10th,53.67%,8400,Elementary School,FY18,1326.0,0.0,0.7,0.0,0.0,0.0,0.0,3.0,21896.0,0.0,11.2,0.0,14.9,3.0,2.1,1.4,0.0,3.0,2.0,9.0,157235.0,2.0,50.6,5.0,78.1,
127,5th,82.40%,5480,K‐8 School,FY18,332.0,0.0,0.0,0.0,1.0,0.0,0.0,0.9,4588.0,1.0,2.6,0.2,5.7,10.0,1.0,1.0,0.0,1.0,1.0,3.1,34102.0,0.0,16.6,4.8,38.5,
128,7th,80.96%,7110,Middle School,FY18,771.0,0.0,0.2,0.0,1.0,0.0,0.0,3.0,180845.0,0.0,3.4,0.2,7.8,16.0,1.2,1.0,0.0,3.0,1.0,9.0,292477.0,1.0,37.8,11.8,81.8,
129,2nd,78.76%,2450,K‐8 School,FY18,257.0,0.0,0.2,0.0,0.0,0.0,0.0,0.0,11069.0,0.0,4.2,0.2,4.6,5.0,0.8,2.0,0.0,1.0,1.0,3.0,52556.0,0.0,11.9,2.8,27.5,
130,9th,63.97%,6210,K‐8 School,FY18,603.0,0.0,1.0,0.0,0.0,0.0,0.0,4.0,30505.0,0.0,3.0,0.2,8.2,7.0,0.0,1.0,1.0,1.0,1.0,4.0,51909.0,0.0,25.4,4.8,45.2,
131,1st,70.72%,2000,High School,FY18,572.0,0.0,1.7,0.0,1.0,1.0,0.0,3.0,77985.0,0.0,6.2,1.2,14.1,20.0,1.9,1.0,0.2,2.0,1.0,0.0,31862.0,0.0,29.2,14.8,70.1,
132,1st,44.20%,2340,K‐8 School,FY18,734.0,1.0,0.6,0.0,0.0,0.0,0.0,0.0,18607.0,0.0,4.6,0.2,6.5,8.0,2.0,1.0,0.0,1.0,1.0,5.0,115479.0,0.0,35.2,3.8,56.9,
133,5th,75.46%,5620,High School,FY18,289.0,0.0,0.9,0.0,0.0,0.0,0.0,0.0,2620.0,0.0,0.0,0.2,1.2,0.0,0.1,1.0,1.0,1.0,1.0,2.0,40234.0,0.0,14.0,2.8,22.8,
134,9th,67.48%,8310,Elementary School,FY18,1209.0,0.0,1.6,0.0,0.0,0.0,0.0,12.0,30359.0,0.0,8.2,0.0,21.8,9.0,1.8,1.2,0.0,2.0,2.0,0.0,261995.0,2.0,48.2,9.0,75.2,
135,7th,86.13%,5390,K‐8 School,FY18,557.0,0.0,0.3,0.0,0.0,1.0,0.0,5.0,246028.0,0.0,7.7,0.2,14.3,1.0,2.5,1.0,0.0,1.0,1.0,2.0,63904.0,0.0,31.1,3.8,43.4,
136,8th,81.82%,6300,Elementary School,FY18,329.0,0.0,0.0,0.0,0.0,0.0,0.0,3.0,7714.0,1.0,3.0,0.2,7.2,9.0,1.0,1.0,0.0,1.0,1.0,0.0,52879.0,0.0,14.6,5.8,33.4,
137,1st,81.55%,2540,Elementary School,FY18,468.0,0.0,0.6,0.0,0.0,0.0,0.0,2.3,77122.0,1.0,6.0,0.2,10.2,1.0,2.0,1.0,0.0,1.0,1.0,1.7,85697.0,1.0,24.7,1.8,35.1,
138,1st,86.31%,5590,Elementary School,FY18,815.0,0.0,1.4,0.0,0.0,0.0,0.0,8.0,87155.0,4.0,11.2,0.2,24.8,15.0,2.6,1.0,0.2,2.0,1.0,1.0,137759.0,0.0,31.4,6.8,61.0,
139,4th,68.75%,4320,K‐8 School,FY18,605.0,0.0,0.4,0.0,0.0,0.0,0.0,1.0,27338.0,0.0,4.2,0.2,5.8,18.0,0.6,1.0,1.0,1.0,1.0,3.0,80464.0,1.0,25.0,8.8,60.4,
140,6th,67.68%,8140,Middle School,FY18,598.0,0.0,0.0,0.0,0.0,1.0,0.0,0.0,49517.0,0.0,0.0,0.2,1.2,2.0,1.0,1.0,0.0,1.0,1.0,7.0,80428.0,0.0,29.1,5.8,47.9,
141,3rd,83.17%,1230,K‐8 School,FY18,422.0,0.0,0.0,0.0,1.0,1.0,0.0,5.0,175453.0,1.0,6.2,0.2,14.4,3.0,2.0,1.0,0.0,1.0,1.0,2.0,145994.0,0.0,21.1,1.8,32.9,
142,7th,80.49%,5020,High School,FY18,1077.0,4.0,1.1,0.0,0.0,1.0,0.0,3.0,685437.0,0.0,7.0,0.2,16.3,21.0,4.1,1.6,1.2,3.0,2.0,4.0,146573.0,2.0,58.3,23.8,121.0,
143,7th,86.25%,5470,Elementary School,FY18,503.0,0.0,0.8,0.0,1.0,0.0,0.0,0.0,148503.0,5.0,4.2,0.2,11.3,5.0,1.0,1.0,0.0,1.0,1.0,5.0,82227.0,0.0,21.9,4.8,40.6,
144,9th,52.80%,6460,Middle Secondary,FY18,640.0,0.0,0.3,0.0,0.0,0.0,0.0,3.0,6040.0,0.0,0.7,1.0,5.0,30.0,1.7,1.2,0.0,2.0,1.0,0.0,152928.0,0.0,32.3,18.0,86.2,
145,1st,61.60%,2670,High School,FY18,393.0,0.0,0.0,0.0,0.0,0.0,0.0,0.0,76184.0,0.0,0.8,0.2,1.0,4.0,1.0,1.0,0.0,1.0,1.0,1.0,92028.0,0.0,16.2,1.8,27.0,
146,4th,66.61%,6030,High School,FY18,656.0,0.0,1.5,0.0,0.0,0.0,0.0,5.0,48172.0,0.0,9.3,0.2,16.0,21.0,1.5,1.1,0.0,2.0,1.0,0.0,72615.0,0.0,28.0,15.8,70.4,
147,6th,78.65%,7330,Elementary School,FY18,780.0,0.0,1.1,0.0,0.0,1.0,0.0,0.0,1724.0,5.0,5.1,1.2,13.4,15.0,2.1,2.0,0.0,1.0,1.0,9.0,102685.0,0.0,29.7,10.8,70.6,
148,6th,70.15%,8270,Elementary School,FY18,601.0,0.0,0.0,0.0,0.0,0.0,0.0,2.0,62160.0,7.0,5.2,0.2,14.4,19.0,1.0,1.0,0.0,1.0,1.0,0.0,60584.0,2.0,25.5,7.8,58.3,
149,5th,86.67%,4440,K‐8 School,FY18,448.0,0.0,0.0,0.0,0.0,1.0,0.0,4.0,239733.0,5.0,5.2,0.2,15.4,3.0,3.0,1.0,0.0,1.0,1.0,5.0,96124.0,0.0,24.0,2.8,40.8,
150,3rd,79.77%,1100,High School,FY18,439.0,0.0,0.8,0.0,0.0,1.0,0.0,2.0,123654.0,0.0,4.8,0.2,8.8,20.0,1.3,1.0,1.0,1.0,1.0,1.0,124258.0,0.0,17.2,11.8,55.2,
151,10th,53.69%,8390,K‐8 School,FY18,807.0,0.0,0.0,0.0,0.0,0.0,0.0,0.0,11480.0,3.0,5.2,0.2,8.4,13.0,1.0,1.0,0.0,2.0,1.0,7.0,132279.0,5.0,32.2,8.8,71.0,
152,1st,77.35%,2190,K‐8 School,FY18,577.0,0.0,1.6,0.0,0.0,0.0,0.0,3.0,18473.0,4.0,2.2,0.2,11.0,9.0,0.8,1.0,0.0,1.0,1.0,4.0,196959.0,0.0,28.0,3.8,48.6,
153,4th,48.16%,6380,K‐8 School,FY18,497.0,0.0,0.0,0.0,0.0,0.0,0.0,0.0,15414.0,0.0,2.8,1.2,4.0,22.0,3.0,1.0,0.0,1.0,1.0,5.0,67764.0,0.0,22.2,4.8,60.0,
154,9th,77.47%,7530,Elementary School,FY18,474.0,0.0,0.0,0.0,0.7,0.0,0.0,0.0,14111.0,4.0,4.0,0.2,8.9,5.0,1.0,1.0,0.3,1.0,1.0,4.0,41519.0,0.0,18.6,2.8,34.7,
155,8th,62.95%,6260,K‐8 School,FY18,386.0,0.0,1.6,0.0,1.0,0.0,0.0,2.0,15981.0,3.0,2.0,0.0,9.6,9.0,0.4,1.0,0.0,1.0,1.0,2.0,54234.0,1.0,18.1,10.0,43.5,
156,3rd,83.21%,1350,K‐8 School,FY18,414.0,0.0,1.0,0.0,0.0,0.0,0.0,2.0,44887.0,6.0,3.2,1.2,13.4,8.0,0.0,1.0,0.0,1.0,1.0,0.0,226179.0,0.0,18.9,3.8,33.7,
157,4th,73.02%,4240,Elementary School,FY18,419.0,0.0,0.5,0.0,0.0,1.0,0.0,0.0,6007.0,0.0,2.0,1.2,4.7,11.0,0.5,1.0,0.0,1.0,1.0,5.0,108471.0,1.0,20.6,5.8,46.9,
158,10th,59.23%,8020,High School,FY18,3370.0,0.0,2.2,0.0,2.0,2.0,0.0,0.0,114593.0,0.0,7.4,0.2,13.8,16.0,8.2,3.0,0.0,5.0,4.0,17.0,479464.0,0.0,151.0,19.8,224.0,
159,7th,86.96%,8470,Middle Secondary,FY18,85.0,0.0,0.7,0.0,0.0,0.0,0.0,0.0,6237.0,0.0,0.0,0.0,0.7,0.0,0.4,0.3,1.0,1.0,1.0,1.0,183612.0,3.0,13.2,5.0,25.9,
160,5th,51.38%,5200,K‐8 School,FY18,357.0,0.0,0.0,0.0,0.0,0.0,0.0,0.0,15521.0,0.0,4.0,0.2,4.2,1.0,1.0,1.0,0.0,1.0,1.0,1.0,34599.0,0.0,16.2,3.8,26.0,
161,2nd,73.48%,1010,High School,FY18,581.0,0.0,2.0,0.0,2.0,2.0,0.0,6.0,217915.0,0.0,4.2,0.2,16.4,14.0,1.0,1.0,2.4,1.0,1.0,0.0,317949.0,0.0,27.0,11.8,59.2,
162,2nd,69.54%,1440,K‐8 School,FY18,528.0,0.0,0.2,0.0,0.0,0.0,0.0,5.0,4940.0,0.0,3.0,0.2,8.4,26.0,0.8,1.0,1.0,2.0,1.0,0.0,99154.0,0.0,24.1,13.8,69.7,
163,10th,67.57%,8360,Elementary School,FY18,634.0,0.0,0.4,0.0,0.0,0.0,0.0,0.0,34210.0,5.0,6.2,0.2,11.8,4.0,1.6,1.0,0.0,1.0,1.0,7.0,78319.0,0.0,26.9,2.8,45.3,
164,4th,44.47%,2680,Middle Secondary,FY18,487.0,0.0,0.6,0.0,0.0,0.0,0.0,0.0,57550.0,0.0,1.0,0.2,1.8,5.0,0.5,1.0,1.0,1.0,0.0,2.0,139583.0,0.0,21.5,1.8,33.7,
165,9th,76.28%,7220,Elementary School,FY18,963.0,0.0,0.9,0.0,0.0,1.0,0.0,4.0,14743.0,1.0,12.2,0.2,19.4,13.0,1.9,2.1,0.0,2.0,1.0,4.0,204799.0,4.0,36.8,5.8,70.6,
166,3rd,70.17%,8560,High School,FY18,242.0,0.0,0.0,0.0,0.0,0.0,0.0,0.0,37558.0,0.0,0.6,0.2,0.8,0.0,1.0,1.0,0.0,1.0,1.0,1.0,35178.0,1.0,14.4,1.8,22.2,
167,4th,84.88%,4350,K‐8 School,FY18,568.0,0.0,0.0,0.0,0.6,1.0,0.0,5.0,186853.0,0.0,5.2,1.2,13.0,12.0,2.0,1.0,1.4,1.0,1.0,6.0,169039.0,0.0,29.1,6.8,60.3,
168,5th,75.60%,5050,High School,FY18,308.0,0.0,0.9,0.0,0.0,0.0,0.0,0.0,2493.0,0.0,4.0,0.2,5.2,0.0,0.1,1.0,0.0,1.0,1.0,4.0,126761.0,0.0,13.8,1.8,22.7,
169,1st,83.92%,5400,Elementary School,FY18,629.0,0.0,0.2,0.0,1.0,0.0,0.0,1.0,20744.0,0.0,7.2,0.2,9.6,7.0,1.2,1.0,0.0,1.0,1.0,3.0,55399.0,2.0,24.0,5.8,46.0,
170,1st,66.42%,2160,High School,FY18,676.0,0.0,3.6,0.0,0.0,0.0,0.0,0.0,91519.0,2.0,3.4,0.2,9.3,5.0,3.4,1.0,0.6,2.0,1.0,5.0,89138.0,0.0,35.1,6.8,59.8,
171,9th,63.15%,6310,K‐8 School,FY18,452.0,0.0,1.0,0.0,0.0,0.0,0.0,0.0,19534.0,0.0,3.6,0.2,4.9,4.0,1.0,2.0,0.0,1.0,1.0,5.0,21365.0,0.0,19.4,4.8,38.1,
172,7th,87.05%,7440,Elementary School,FY18,550.0,0.0,2.3,0.0,1.0,0.0,0.0,8.0,5819.0,0.0,9.0,0.2,20.6,5.0,0.5,1.0,0.0,2.0,1.0,1.0,191859.0,4.0,28.1,5.8,48.4,
173,7th,73.61%,7010,High School,FY18,977.0,0.0,3.4,0.0,1.0,1.0,0.0,0.0,136637.0,0.0,8.2,1.2,14.8,23.0,2.2,1.4,0.2,2.0,2.0,12.0,174619.0,0.0,46.1,19.8,108.7,
174,7th,88.77%,5260,Elementary School,FY18,830.0,0.0,1.8,0.0,3.0,0.0,0.0,6.0,18435.0,6.0,9.8,1.2,27.9,3.0,0.2,1.0,0.0,2.0,2.0,3.0,198147.0,1.0,36.5,2.8,51.5,
175,3rd,85.17%,1420,K‐8 School,FY18,367.0,0.0,0.0,0.0,0.9,0.0,0.0,4.0,90978.0,0.0,5.6,0.2,10.7,27.0,1.0,2.0,0.1,1.0,1.0,0.0,92245.0,0.0,16.6,10.8,59.5,
176,5th,88.73%,4530,K‐8 School,FY18,289.0,0.0,1.5,0.0,0.5,0.0,0.0,2.8,44604.0,3.0,4.4,0.2,12.4,5.0,0.0,1.0,0.0,1.0,1.0,1.2,53439.0,0.0,15.0,2.8,27.0,
177,6th,64.70%,8300,K‐8 School,FY18,1657.0,0.0,1.8,0.0,0.0,1.0,0.0,0.0,41617.0,0.0,9.2,0.2,12.2,8.0,2.2,1.4,0.0,3.0,2.0,14.0,229375.0,0.0,66.5,9.8,106.9,
178,3rd,70.50%,1190,High School,FY18,413.0,0.0,1.0,0.0,0.0,0.0,0.0,0.0,29742.0,0.0,0.0,0.2,1.2,0.0,0.0,1.0,0.0,1.0,1.0,4.0,43548.0,1.0,19.1,1.8,28.9,
179,8th,80.28%,7100,K‐8 School,FY18,426.0,0.0,1.0,0.0,0.0,1.0,0.0,5.0,203212.0,0.0,2.2,1.2,10.4,5.0,2.0,1.0,2.0,1.0,1.0,1.0,99709.0,1.0,27.0,3.8,44.8,
180,8th,71.86%,6200,K‐8 School,FY18,473.0,0.0,0.0,0.0,0.0,1.0,0.0,0.0,16295.0,0.0,2.5,0.2,3.7,7.0,2.0,2.0,0.0,1.0,1.0,3.0,34889.0,0.0,20.0,4.8,40.8,
181,5th,76.79%,2010,High School,FY18,511.0,0.0,2.0,0.0,2.0,0.0,0.0,3.0,68687.0,0.0,6.6,0.2,13.8,14.0,0.0,1.0,1.0,2.0,1.0,0.0,164188.0,0.0,23.6,11.8,54.4,
182,5th,86.30%,4220,K‐8 School,FY18,495.0,0.0,1.0,0.0,0.0,0.0,0.0,2.0,82764.0,6.0,4.0,0.2,13.2,29.0,0.0,1.0,0.0,1.0,1.0,0.0,255449.0,2.0,22.1,8.8,64.9,
183,10th,35.38%,8040,High School,FY18,631.0,0.0,0.0,0.0,0.0,0.0,0.0,0.0,13556.0,0.0,0.7,0.2,0.9,6.0,1.0,1.0,0.0,1.0,1.0,4.0,124818.0,0.0,27.4,2.8,44.2,
184,6th,59.29%,8410,Elementary School,FY18,636.0,0.0,0.0,0.0,0.0,0.6,0.0,0.0,78249.0,0.0,5.2,0.2,6.0,14.0,2.0,1.0,0.0,1.4,1.0,0.0,105419.0,0.0,26.3,9.8,55.5,
185,7th,86.49%,5490,Elementary School,FY18,490.0,0.0,0.2,0.0,0.6,0.0,0.0,0.0,63415.0,3.0,11.0,0.2,15.0,4.0,1.2,1.0,0.6,1.0,1.0,7.0,138505.0,0.0,21.3,5.8,42.9,
186,8th,72.41%,6400,K‐12 School,FY18,146.0,3.0,0.0,0.0,0.0,0.0,0.0,2.0,27335.0,0.0,1.4,3.2,9.6,23.0,2.0,11.4,1.0,1.0,1.0,0.0,66712.0,0.0,3.6,26.8,69.8,
187,2nd,78.87%,2240,K‐8 School,FY18,342.0,0.0,1.4,0.0,1.0,0.0,0.0,0.0,21897.0,2.0,4.0,0.2,8.6,9.0,0.6,1.0,0.0,1.0,1.0,4.0,89176.0,0.0,18.3,8.8,43.7,
188,8th,58.79%,6050,High School,FY18,990.0,0.0,0.0,0.0,0.0,0.0,0.0,0.6,5626.0,1.0,2.2,0.2,4.1,1.0,2.0,1.2,0.0,2.0,1.0,2.4,90464.0,0.0,43.9,0.8,54.3,
189,9th,78.34%,7350,Elementary School,FY18,769.0,0.0,0.3,0.0,0.0,0.0,0.0,0.2,7833.0,0.0,10.2,0.2,10.9,9.0,1.5,1.0,0.0,2.0,1.0,8.8,83799.0,3.0,30.1,3.8,60.2,
190,6th,71.04%,8210,Elementary School,FY18,582.0,0.0,0.0,0.0,0.0,0.0,0.0,2.0,19877.0,5.0,3.6,0.2,10.8,9.0,2.0,1.0,0.0,1.0,1.0,1.0,52939.0,0.0,23.8,5.8,44.6,
191,7th,78.55%,5370,Elementary School,FY18,312.0,0.0,0.5,0.0,0.0,0.0,0.0,0.0,5913.0,0.0,3.2,0.2,3.9,2.0,0.6,1.0,0.0,1.0,1.0,5.0,51824.0,0.0,14.0,2.8,27.3,
192,8th,81.45%,6360,K‐8 School,FY18,530.0,0.0,2.0,0.0,1.0,2.0,0.0,6.0,1129331.0,10.0,5.5,0.2,26.7,14.0,1.0,1.0,1.0,1.0,1.0,0.0,223483.0,0.0,28.6,7.8,55.4,
193,1st,70.07%,2520,Elementary School,FY18,295.0,0.0,0.6,0.0,0.0,0.0,0.0,0.0,2942.0,1.0,3.4,0.2,5.2,4.0,0.8,1.0,0.0,1.0,1.0,3.0,49379.0,1.0,12.8,1.8,26.4,
194,6th,86.25%,7430,Elementary School,FY18,746.0,1.0,1.1,0.0,0.0,0.0,0.0,4.0,54098.0,1.0,11.0,0.2,18.3,7.0,1.1,1.0,0.0,2.0,1.0,3.0,58739.0,1.0,28.7,6.8,51.6,
195,9th,67.71%,8120,Middle School,FY18,1334.0,0.0,0.6,0.0,2.0,1.0,0.0,1.6,10566.0,2.0,0.0,0.2,7.5,10.0,4.0,1.4,0.0,2.0,1.0,9.4,221219.0,0.0,68.7,8.8,105.2,
196,2nd,81.35%,1250,Elementary School,FY18,531.0,0.0,0.9,0.0,0.0,0.0,0.0,4.0,15253.0,2.0,4.0,0.2,11.1,3.0,0.3,1.0,0.0,1.0,1.0,2.0,120434.0,1.0,22.7,5.8,37.8,
197,7th,88.33%,5410,Elementary School,FY18,175.0,0.0,0.0,0.0,0.0,0.0,0.0,2.8,35865.0,3.0,6.4,0.2,12.5,0.0,1.0,1.0,0.0,1.0,1.0,0.2,55669.0,0.0,9.2,0.8,14.2,
198,1st,75.63%,2690,K‐8 School,FY18,447.0,0.0,0.4,0.0,0.0,0.0,0.0,2.0,30529.0,2.0,5.0,1.2,10.6,5.0,1.6,1.0,0.0,1.0,1.0,3.0,68619.0,1.0,23.2,2.8,39.6,
199,4th,61.51%,6480,Middle School,FY18,312.0,0.0,0.9,0.0,0.0,0.0,0.0,0.0,9620.0,0.0,0.0,0.2,1.1,4.0,0.1,1.0,0.0,1.0,1.0,1.0,43418.0,0.0,15.4,1.8,25.3,
200,2nd,82.66%,2320,Elementary School,FY18,540.0,0.0,1.1,0.0,0.6,0.0,0.0,2.0,32699.0,7.0,7.0,0.2,17.9,1.0,1.1,1.0,0.0,1.0,2.0,4.0,77180.0,2.0,22.2,1.8,36.1,
201,1st,79.49%,5210,K‐8 School,FY18,500.0,0.0,0.4,0.0,0.0,0.0,0.0,0.0,78531.0,0.0,8.6,1.2,10.2,14.0,1.6,1.0,0.0,1.0,1.0,5.0,44449.0,0.0,21.8,8.8,54.2,
202,10th,42.74%,8370,Elementary School,FY18,503.0,0.0,0.2,0.0,0.0,0.0,0.0,2.0,32583.0,2.0,4.2,0.2,8.6,11.0,1.2,1.0,0.0,1.0,1.0,1.0,98439.0,2.0,20.7,5.8,44.7,
203,8th,80.68%,5500,K‐8 School,FY18,804.0,0.0,1.3,0.0,0.9,0.0,0.0,6.0,16407.0,5.0,8.3,1.2,22.7,26.0,1.2,4.2,0.0,2.0,1.0,3.0,190859.0,0.0,33.7,13.8,84.9,
204,3rd,73.08%,1340,K‐8 School,FY18,556.0,0.0,0.2,0.0,1.0,1.0,0.0,5.0,36539.0,2.0,6.2,0.2,15.7,22.0,2.4,2.0,0.0,1.0,1.0,0.0,53839.0,0.0,25.3,7.8,61.4,
205,5th,61.74%,5150,High School,FY18,517.0,0.0,1.0,0.0,0.0,0.0,0.0,0.0,3937.0,0.0,1.0,0.2,2.2,1.0,1.0,1.0,0.0,1.0,1.0,4.0,155988.0,0.0,24.9,0.8,34.7,
206,10th,52.46%,8030,High School,FY18,1290.0,0.0,2.0,0.0,1.5,3.0,0.0,5.0,25020.0,0.0,3.2,0.2,14.9,26.0,2.6,1.4,0.5,1.0,3.0,2.0,470106.0,2.0,59.7,18.8,117.0,
207,3rd,85.44%,8460,High School,FY18,89.0,0.0,0.0,0.0,0.0,0.0,0.0,3.0,13410.0,0.0,0.0,0.0,3.0,0.0,1.0,0.5,2.0,1.0,1.0,0.0,219659.0,2.0,11.0,2.0,20.5,
208,8th,85.09%,6390,K‐8 School,FY18,537.0,0.0,2.0,0.0,1.0,0.6,0.0,3.0,38370.0,3.2,5.6,0.2,15.6,8.0,0.0,1.0,0.0,1.4,1.0,1.0,32636.0,2.8,24.5,2.8,42.5,
209,8th,39.44%,6270,K‐8 School,FY18,513.0,0.0,0.2,0.0,0.0,0.0,0.0,0.0,47689.0,3.0,3.8,0.2,7.2,3.0,0.8,1.0,0.0,1.0,1.0,4.0,85434.0,1.0,21.8,4.8,38.4,
210,10th,50.60%,8260,Elementary School,FY18,492.0,0.0,0.8,0.0,0.0,0.0,0.0,0.0,21603.0,0.0,4.5,0.2,5.5,26.0,0.2,1.0,0.0,1.0,1.0,3.0,63243.0,0.0,19.0,8.8,59.9,
211,1st,72.43%,5300,Elementary School,FY18,368.0,0.0,1.0,0.0,0.0,0.0,0.0,1.0,4870.0,0.8,4.2,0.0,7.0,13.0,0.0,2.0,0.0,1.0,1.0,3.0,46216.0,1.2,15.2,9.0,45.4,
212,10th,65.08%,8380,K‐8 School,FY18,1138.0,0.0,1.7,0.0,0.0,0.0,0.0,8.0,56622.0,4.0,4.0,0.0,17.7,12.0,2.1,2.1,0.0,1.0,1.0,2.0,303279.0,4.0,46.3,11.0,81.5,
213,8th,85.17%,6470,Elementary School,FY18,675.0,0.0,1.0,0.0,0.0,0.0,0.0,2.0,20200.0,7.0,8.8,0.2,19.0,19.0,0.0,2.0,0.0,2.0,1.0,4.0,75604.0,1.0,24.5,6.8,60.3,
214,9th,81.93%,7320,Elementary School,FY18,239.0,0.0,1.0,0.0,0.0,0.0,0.0,0.0,36626.0,3.0,4.4,0.0,8.4,7.0,1.0,1.0,0.0,1.0,1.0,2.0,40434.0,0.0,9.2,3.0,25.2,
0,2nd,83.44%,1380,Elementary School,FY19,,0.0,1.1,0.0,0.0,0.0,0.0,4.0,15166.0,3.0,9.6,0.0,17.7,9.0,0.1,1.0,1.0,1.0,1.0,3.0,97553.0,5.0,24.0,5.0,50.1,602.0
1,4th,79.34%,4370,Elementary School,FY19,,0.0,0.0,0.0,0.0,0.0,0.0,0.0,38922.0,0.0,3.6,1.0,4.6,1.0,1.0,1.0,0.0,1.0,1.0,3.0,52021.0,0.0,13.1,1.0,22.1,234.0
2,8th,54.18%,5070,High School,FY19,,0.0,1.0,0.0,0.0,0.0,0.0,1.0,10173.0,0.0,0.0,0.0,2.0,0.0,1.0,1.0,0.0,1.0,1.0,1.0,77198.0,0.0,12.3,2.0,19.3,277.0
3,3rd,84.48%,1260,K‐8 School,FY19,,0.0,1.7,0.0,1.0,0.0,0.0,1.9,607.0,3.0,4.2,0.0,11.8,6.0,0.3,1.0,0.0,1.0,1.0,6.2,161556.0,3.0,20.9,4.0,43.3,496.0
4,7th,86.01%,5420,K‐8 School,FY19,,0.0,1.2,0.0,0.0,0.5,0.0,2.0,39959.0,2.0,4.6,0.0,10.3,2.0,0.2,1.0,1.0,1.5,1.0,4.0,72078.0,0.0,20.2,4.0,34.9,357.0
5,5th,19.97%,2140,Middle Secondary,FY19,,0.0,0.6,0.0,0.0,0.0,0.0,4.0,3309.0,0.0,0.6,0.0,5.2,2.0,3.2,1.2,0.8,2.0,2.0,0.0,129042.0,0.0,54.5,1.0,66.7,1201.0
6,9th,73.92%,6350,K‐8 School,FY19,,0.0,0.0,0.0,2.0,0.0,0.0,1.8,4730.0,4.0,3.0,0.0,10.8,13.0,1.0,1.0,0.0,1.0,1.0,1.2,90353.0,0.0,19.2,6.0,43.4,385.0
7,1st,61.82%,2510,K‐8 School,FY19,,0.0,1.3,0.0,0.0,0.0,0.0,0.0,13461.0,2.0,5.2,0.0,8.5,3.0,1.5,1.0,1.0,1.0,1.0,3.0,62003.0,2.0,26.7,3.0,43.2,610.0
8,9th,73.64%,7400,K‐8 School,FY19,,0.0,0.9,0.0,0.0,0.0,0.0,11.0,134838.0,0.0,8.2,0.0,20.1,6.0,2.9,1.0,0.0,2.0,1.0,2.0,258883.0,0.0,39.1,5.0,59.0,896.0
9,4th,69.79%,1030,High School,FY19,,0.0,0.4,0.0,1.0,1.0,0.0,4.0,77632.0,0.0,0.2,0.0,6.6,18.0,0.6,1.0,0.0,1.0,1.0,0.0,160972.0,0.0,25.4,11.0,58.0,583.0
10,3rd,81.08%,1460,K‐8 School,FY19,,0.0,0.5,0.0,1.0,0.0,0.0,7.0,29714.0,4.0,4.0,0.0,16.5,3.0,0.5,1.0,0.0,1.0,1.0,0.0,107408.0,2.0,20.2,4.0,32.7,467.0
11,3rd,74.72%,1580,Middle School,FY19,,0.0,0.4,0.0,0.0,0.0,0.0,0.0,3055.0,0.4,1.0,0.0,1.8,6.0,1.1,0.5,0.0,1.0,1.0,3.0,58328.0,0.6,13.2,3.0,29.4,275.0
12,5th,89.54%,4570,K‐8 School,FY19,,0.0,1.4,0.0,0.0,0.0,0.0,5.0,18772.0,6.0,4.0,0.0,16.4,8.0,1.6,1.0,0.0,1.0,1.0,0.0,117221.0,0.0,22.4,7.0,42.0,370.0
13,6th,75.02%,8340,Elementary School,FY19,,0.0,3.3,0.0,0.0,1.0,0.0,2.0,24460.0,0.0,12.2,0.0,18.5,10.0,1.9,1.4,0.0,2.0,2.0,5.0,240459.0,0.0,51.2,9.0,82.5,1193.0
14,7th,81.37%,7200,Elementary School,FY19,,0.0,0.3,0.0,1.0,0.0,0.0,0.0,107166.0,0.0,15.4,0.0,16.7,5.0,1.5,2.0,0.0,1.0,2.0,6.0,120823.0,3.0,22.8,4.0,47.3,708.0
15,5th,87.07%,7510,K‐8 School,FY19,,0.0,0.2,0.0,0.0,1.0,0.0,5.0,13571.0,0.0,7.6,0.0,13.7,2.0,1.2,1.0,0.0,1.0,1.0,0.0,200894.0,0.0,32.1,2.0,40.4,721.0
16,3rd,46.89%,2050,Middle School,FY19,,0.0,0.3,0.0,0.0,0.0,0.0,0.0,47898.0,0.0,2.0,0.0,2.3,1.0,0.7,1.0,1.0,1.0,1.0,3.0,76863.0,0.0,12.2,2.0,22.9,270.0
17,7th,87.96%,5530,Elementary School,FY19,,0.0,2.7,0.0,0.0,0.0,0.0,5.0,53753.0,1.0,11.8,0.0,20.5,12.0,1.2,1.0,0.7,1.0,1.0,1.0,49329.0,2.0,27.2,5.0,52.1,670.0
18,5th,79.44%,5160,Middle Secondary,FY19,,0.0,1.0,0.0,2.0,1.0,0.0,1.2,10367.0,0.0,3.0,0.0,8.2,11.0,2.2,1.0,0.0,2.0,1.0,0.8,356882.0,0.0,30.3,16.0,64.3,555.0
19,8th,85.69%,4380,Elementary School,FY19,,0.0,1.0,0.0,0.0,0.0,0.0,1.0,15866.0,2.7,6.4,0.0,11.1,4.0,1.0,1.0,0.0,1.0,1.0,7.0,43908.0,0.3,19.7,3.0,38.0,483.0
20,3rd,83.60%,1370,K‐8 School,FY19,,0.0,0.0,0.0,0.0,1.0,0.0,0.0,222752.0,0.0,5.0,0.0,6.0,4.0,2.0,1.0,1.0,1.0,1.0,5.0,55378.0,1.0,26.2,3.0,45.2,503.0
21,3rd,85.16%,1290,K‐8 School,FY19,,0.0,0.6,0.0,0.0,1.0,0.0,4.0,9515.0,4.0,5.0,0.0,14.6,14.0,1.5,1.0,0.0,1.0,1.0,2.0,76418.0,0.0,20.5,8.0,49.0,484.0
22,5th,59.57%,5080,High School,FY19,,0.0,1.0,0.0,0.0,0.0,0.0,2.4,3823.0,1.0,0.0,0.0,4.4,1.0,1.0,1.0,0.0,1.0,1.0,1.6,768166.0,0.0,23.2,1.0,30.8,504.0
23,5th,32.05%,2650,High School,FY19,,0.0,0.9,0.0,0.0,0.0,0.0,0.0,2285.0,0.0,1.2,0.0,2.1,6.0,2.1,1.0,0.0,1.0,1.0,0.0,24155.0,0.0,23.7,3.0,37.8,502.0
24,8th,64.13%,6440,K‐8 School,FY19,,0.0,0.0,0.0,0.0,0.0,0.0,1.0,15405.0,2.0,5.4,0.0,8.4,6.0,1.0,2.0,0.0,1.0,1.0,3.0,56058.0,0.0,19.9,3.0,36.9,389.0
25,8th,41.79%,6010,High School,FY19,,0.0,0.6,0.0,0.0,1.0,0.0,0.0,19764.0,0.0,4.0,0.0,5.6,2.0,5.8,2.0,0.0,3.0,2.0,4.0,224035.0,0.0,100.0,1.0,119.8,2379.0
26,7th,80.32%,7310,Elementary School,FY19,,0.0,1.4,0.0,1.0,0.0,0.0,2.0,39592.0,4.0,4.0,0.0,12.4,10.0,1.6,1.0,0.0,2.0,1.0,7.0,28558.0,0.0,32.2,5.0,59.8,741.0
27,5th,42.81%,4030,Middle Secondary,FY19,,0.0,2.1,0.0,0.0,0.0,0.0,0.0,13158.0,0.0,0.4,0.0,2.5,2.0,1.1,1.0,0.8,1.0,1.0,5.0,231493.0,0.0,42.3,2.0,56.2,906.0
28,6th,74.75%,8250,Elementary School,FY19,,0.0,1.1,0.0,1.0,0.0,0.0,5.0,25918.0,7.0,8.0,0.0,22.1,6.0,3.1,1.2,0.0,3.0,2.0,3.0,92809.0,0.0,45.3,8.0,71.6,1251.0
29,3rd,84.11%,1490,K‐8 School,FY19,,0.0,0.5,0.0,0.0,1.0,0.0,1.0,174071.0,3.0,3.0,0.0,8.4,5.0,2.5,1.0,1.0,1.0,1.0,5.0,80414.0,2.0,24.2,4.0,46.8,420.0
30,7th,86.46%,5680,K‐8 School,FY19,,0.0,0.9,0.0,1.0,1.0,0.0,3.0,255148.0,3.0,4.5,0.0,13.3,13.0,4.1,1.0,0.0,2.0,1.0,0.0,155064.0,0.0,36.7,7.0,64.8,607.0
31,5th,87.35%,4460,K‐8 School,FY19,,0.0,3.0,0.0,1.0,0.0,0.0,7.0,236445.0,1.0,5.7,0.0,17.7,0.0,1.0,1.0,0.0,2.0,1.0,5.0,109093.0,0.0,27.5,4.0,41.5,694.0
32,7th,84.13%,5330,K‐8 School,FY19,,0.0,2.2,0.0,0.0,1.0,0.0,4.0,20183.0,2.0,4.2,0.0,13.4,18.0,1.4,2.0,0.0,1.0,1.0,3.0,101643.0,0.0,25.2,8.0,59.6,572.0
33,4th,71.70%,6320,K‐8 School,FY19,,0.0,0.0,0.0,0.0,0.0,0.0,1.0,65812.0,0.0,3.9,0.0,4.9,4.0,1.0,1.0,0.0,1.0,1.0,2.0,47548.0,0.0,16.4,3.0,29.4,329.0
34,2nd,60.69%,2480,K‐8 School,FY19,,0.0,0.0,0.0,0.0,0.0,0.0,0.0,5789.0,0.0,5.1,0.0,5.1,8.0,1.0,2.0,1.0,1.0,1.0,3.0,51778.0,0.0,12.3,6.0,35.3,259.0
35,6th,61.93%,7470,K‐8 School,FY19,,0.0,1.0,0.0,0.0,0.0,0.0,8.0,18978.0,0.0,4.6,0.0,13.6,7.0,0.0,1.1,1.0,2.0,2.0,3.0,88553.0,0.0,34.2,9.0,59.3,821.0
36,10th,49.90%,8160,Middle School,FY19,,0.0,4.0,0.0,0.0,0.7,0.0,0.0,8270.0,0.0,0.0,1.0,5.7,34.0,1.6,1.4,0.0,3.3,2.0,7.0,418809.0,1.0,73.2,18.0,141.5,1501.0
37,3rd,85.74%,4300,K‐8 School,FY19,,0.0,0.0,0.0,1.0,1.0,0.0,0.0,201355.0,2.7,4.2,0.0,8.9,9.0,3.0,2.0,0.0,1.0,1.0,7.0,41171.0,1.3,27.0,6.0,57.3,540.0
38,9th,72.94%,7270,K‐8 School,FY19,,0.0,0.2,0.0,0.0,0.0,0.0,5.0,11686.0,8.0,6.4,0.0,19.6,8.0,1.2,1.0,1.0,1.0,1.0,1.0,158728.0,1.0,32.0,7.0,54.2,739.0
39,4th,71.67%,6090,High School,FY19,,0.0,0.0,0.0,0.0,1.0,0.0,1.0,73122.0,0.0,2.8,0.0,4.8,0.0,1.0,1.0,1.0,1.0,0.0,4.0,77553.0,0.0,26.2,4.0,38.2,520.0
40,8th,83.10%,7390,K‐8 School,FY19,,0.0,1.2,0.0,0.0,0.0,0.0,10.0,85280.0,4.0,5.0,0.0,20.2,8.0,1.2,1.0,0.0,2.0,1.0,0.0,34468.0,0.0,31.3,6.0,50.5,675.0
41,5th,82.80%,5250,K‐8 School,FY19,,0.0,0.0,0.0,0.0,1.0,0.0,0.0,145239.0,0.0,6.7,0.0,7.7,11.0,3.0,1.0,1.0,1.0,1.0,0.0,64918.0,0.0,14.6,6.0,38.6,275.0
42,3rd,86.92%,1410,K‐8 School,FY19,,0.0,0.0,0.0,0.0,1.0,0.0,3.0,232462.0,1.0,4.4,0.0,9.4,4.0,5.0,1.0,1.0,1.0,1.0,1.0,117293.0,4.0,26.9,4.0,48.9,534.0
43,3rd,81.20%,1300,K‐8 School,FY19,,0.0,1.2,0.0,1.0,0.0,0.0,6.2,12953.0,0.0,5.0,0.0,13.4,10.0,1.8,1.0,0.0,2.0,1.0,0.8,123424.0,2.0,20.2,7.0,45.8,465.0
44,10th,46.87%,8420,K‐8 School,FY19,,0.0,1.1,0.0,0.0,0.0,0.0,9.0,27671.0,0.0,5.2,2.0,17.3,31.0,2.1,1.4,0.0,2.0,1.0,0.0,87923.0,5.0,42.7,11.0,96.2,1034.0
45,8th,75.35%,7130,Middle School,FY19,,0.0,1.6,0.0,0.0,0.0,0.0,0.0,9283.0,0.0,2.8,0.0,4.4,8.0,1.4,1.0,0.0,1.0,1.0,7.0,363263.0,0.0,27.7,7.0,54.1,544.0
46,1st,65.14%,2590,K‐8 School,FY19,,0.0,0.2,0.0,0.0,0.0,0.0,0.0,14214.0,0.0,5.8,0.0,6.0,20.0,1.2,1.0,0.0,1.0,1.0,3.0,81558.0,0.0,18.6,9.0,54.8,397.0
47,2nd,17.07%,2470,K‐8 School,FY19,,0.0,0.0,0.0,0.0,0.0,0.0,0.0,2163.0,3.0,4.2,0.0,7.2,17.0,1.0,1.0,0.0,1.0,1.0,4.0,24233.0,2.0,30.5,5.0,62.5,640.0
48,2nd,40.49%,2020,High School,FY19,,0.0,1.5,0.0,0.0,0.0,0.0,0.0,10824.0,0.0,1.0,0.0,2.5,4.0,0.5,1.0,0.0,1.0,2.0,3.0,127153.0,0.0,34.1,3.0,48.6,733.0
49,8th,72.15%,6230,K‐8 School,FY19,,0.0,0.0,0.0,0.0,0.0,0.0,0.8,23371.0,0.0,4.2,0.0,5.0,10.0,2.0,1.0,0.0,1.0,1.0,1.2,74848.0,0.0,12.4,2.0,30.6,235.0
50,5th,80.76%,5340,K‐8 School,FY19,,1.0,0.7,0.0,0.0,0.0,0.0,3.0,41261.0,2.0,4.0,0.0,10.7,12.0,0.3,2.0,0.0,1.0,1.0,3.0,167583.0,2.0,18.2,9.0,48.5,320.0
51,2nd,55.90%,2620,High School,FY19,,0.0,1.6,0.0,1.0,0.0,0.0,0.0,14499.0,2.0,0.7,0.0,5.3,6.0,1.4,1.0,0.2,2.0,1.0,5.0,176313.0,0.0,41.9,2.0,60.5,969.0
52,9th,75.99%,7280,K‐8 School,FY19,,0.0,1.3,0.0,0.0,0.0,0.0,4.5,62796.0,14.0,6.2,0.0,26.0,5.0,2.5,1.2,0.0,2.0,1.0,9.5,58393.0,0.0,44.0,6.0,71.2,984.0
53,8th,73.69%,6060,High School,FY19,,0.0,1.0,0.0,2.0,1.0,0.0,2.7,342795.0,0.0,4.0,0.0,10.7,20.0,4.0,1.1,1.0,2.0,1.0,7.3,79724.0,0.0,30.6,18.0,85.0,645.0
54,5th,85.62%,2390,K‐8 School,FY19,,0.0,1.0,0.0,0.0,0.4,0.0,0.0,6463.0,5.0,1.2,0.0,7.6,8.0,0.0,1.0,0.0,1.6,1.0,4.0,104953.0,0.0,15.0,5.0,35.6,290.0
55,7th,87.75%,7730,Middle School,FY19,,0.0,1.2,0.0,0.0,1.0,0.0,2.0,202655.0,1.0,2.6,0.0,7.8,7.0,3.2,0.5,0.4,1.0,2.0,4.0,128473.0,1.0,20.5,8.0,47.6,422.0
56,4th,73.53%,4020,High School,FY19,,0.0,1.0,0.0,2.0,0.0,0.0,4.0,66589.0,0.0,4.0,0.0,11.0,7.0,0.0,1.0,0.0,2.0,1.0,1.0,201338.0,1.0,25.2,9.0,47.2,581.0
57,6th,75.58%,8240,K‐8 School,FY19,,0.0,0.8,0.0,1.0,0.0,0.0,7.0,26514.0,8.0,5.4,0.0,22.2,3.0,0.8,1.0,0.0,3.0,2.0,0.0,50032.0,0.0,37.9,5.0,52.7,903.0
58,5th,86.68%,4470,Elementary School,FY19,,0.0,1.9,0.0,1.0,0.0,0.0,3.0,7426.0,0.0,3.0,0.0,8.9,19.0,0.1,2.0,0.0,1.0,1.0,0.0,100699.0,3.0,14.2,10.0,50.3,338.0
59,2nd,78.27%,1130,Middle School,FY19,,0.0,1.0,0.0,1.0,0.0,0.0,2.0,16297.0,0.0,1.2,0.0,5.2,5.0,0.0,1.0,0.0,1.0,1.0,2.0,62913.0,6.0,18.5,6.0,40.5,365.0
60,5th,87.52%,5320,K‐8 School,FY19,,0.0,0.6,0.0,0.7,0.0,0.0,5.4,12524.0,0.0,5.0,0.0,11.7,14.0,1.4,1.0,1.3,1.0,1.0,1.6,128110.0,1.0,23.2,8.0,53.5,497.0
61,1st,74.56%,2640,K‐8 School,FY19,,0.0,1.3,0.0,1.0,0.0,0.0,3.0,309604.0,4.0,5.2,0.0,14.5,7.0,2.9,1.0,0.0,2.0,1.0,4.0,115573.0,1.0,43.2,5.0,67.1,853.0
62,4th,53.16%,6450,K‐8 School,FY19,,0.0,0.0,0.0,0.0,0.0,0.0,2.8,1843.0,2.0,3.2,0.0,8.0,13.0,2.0,1.0,0.0,1.0,1.0,1.2,55923.0,0.0,12.0,7.0,38.2,262.0
63,5th,61.17%,2210,K‐8 School,FY19,,0.0,1.1,0.0,0.0,0.0,0.0,0.0,22152.0,3.0,3.6,0.0,7.7,28.0,5.1,2.3,0.0,2.0,1.0,5.0,121313.0,0.0,24.2,20.0,87.6,470.0
64,7th,80.40%,7300,K‐8 School,FY19,,0.0,3.2,0.0,1.0,0.6,0.0,0.0,3124.0,9.0,6.0,0.0,19.9,6.0,0.4,1.2,0.0,1.4,1.0,9.0,127261.0,0.0,43.2,8.0,70.1,926.0
65,7th,78.32%,5520,High School,FY19,,0.0,3.2,0.0,0.0,0.0,0.0,0.8,23887.0,0.0,2.2,0.0,6.2,11.0,1.2,1.0,1.0,2.0,1.0,3.2,57088.0,0.0,24.5,7.0,51.9,527.0
66,7th,83.65%,5170,K‐8 School,FY19,,0.0,2.0,0.0,0.0,0.0,0.0,14.0,40535.0,3.0,5.4,0.0,24.4,23.0,0.0,2.2,0.0,2.0,1.0,0.0,107598.0,1.0,44.1,13.0,86.3,925.0
67,3rd,83.60%,1360,K‐8 School,FY19,,0.0,0.0,0.0,0.6,1.0,0.0,5.0,189177.0,2.0,5.2,0.0,13.8,12.0,3.0,2.0,1.4,1.0,1.0,0.0,35753.0,0.0,18.0,7.0,45.4,381.0
68,6th,67.78%,8010,High School,FY19,,0.0,3.6,0.0,1.0,0.4,0.0,7.0,139011.0,2.0,12.4,0.0,26.4,28.0,7.8,1.4,0.0,3.6,3.0,0.0,207114.0,0.0,81.7,25.0,150.5,1832.0
69,3rd,27.57%,1280,K‐8 School,FY19,,0.0,0.2,0.0,0.0,1.0,0.0,1.0,521227.0,1.0,11.2,0.0,14.4,6.0,1.2,1.0,0.0,1.0,1.0,4.0,63693.0,0.0,26.4,2.0,42.6,593.0
70,3rd,66.78%,5090,High School,FY19,,0.0,0.5,0.0,0.0,0.0,0.0,3.0,15929.0,0.0,1.2,0.0,4.7,4.0,1.0,0.5,0.0,1.0,1.0,1.0,87638.0,0.0,14.8,3.0,26.3,345.0
71,5th,88.75%,4270,K‐8 School,FY19,,0.0,2.0,0.0,0.0,0.4,0.0,6.0,6323.0,5.9,3.4,0.0,17.7,3.0,0.0,1.0,0.0,1.6,1.0,0.0,43977.0,0.1,20.8,6.0,33.5,494.0
72,10th,59.82%,8440,Elementary School,FY19,,0.0,1.6,0.0,0.0,0.0,0.0,8.0,7015.0,1.0,6.9,0.0,17.5,18.0,0.8,3.0,0.0,2.0,2.0,0.0,125027.0,0.0,39.1,11.0,76.0,885.0
73,7th,78.88%,7150,K‐8 School,FY19,,0.0,2.6,0.0,0.0,0.5,0.0,8.0,39558.0,4.0,10.4,0.0,25.4,4.0,1.8,1.1,0.0,1.5,2.0,0.0,210161.0,0.0,48.0,8.0,66.5,1078.0
74,7th,76.42%,7500,Middle School,FY19,,0.0,1.4,0.0,0.0,0.0,0.0,4.0,47801.0,3.0,1.8,0.3,10.5,9.0,1.6,1.0,1.0,1.0,1.0,2.0,378446.0,2.0,35.5,7.7,61.8,622.0
75,2nd,32.07%,2410,Middle Secondary,FY19,,0.0,0.9,0.0,0.0,0.0,0.0,0.0,13834.0,1.0,0.0,0.0,1.9,0.0,1.3,1.0,0.4,1.0,1.0,4.0,97973.0,0.0,29.1,2.0,39.8,628.0
76,8th,46.15%,6250,K‐8 School,FY19,,0.0,0.0,0.0,0.0,0.0,0.0,6.0,10675.0,0.0,2.6,0.0,8.6,17.0,1.0,1.0,0.0,1.0,1.0,0.0,127603.0,0.0,23.0,7.0,51.0,472.0
77,4th,49.10%,6540,High School,FY19,,0.0,0.0,0.0,0.0,0.0,0.0,4.0,26590.0,0.0,0.2,0.0,4.2,4.0,1.0,1.0,0.0,1.0,1.0,0.0,108088.0,0.0,15.0,4.0,27.0,355.0
78,3rd,77.59%,1020,High School,FY19,,0.0,0.0,0.0,0.0,1.0,0.0,0.0,213644.0,0.0,3.4,0.0,4.4,17.0,3.0,1.0,1.0,2.0,1.0,5.0,89464.0,0.0,19.8,13.0,62.8,437.0
79,7th,72.84%,5230,Middle School,FY19,,0.0,0.1,0.0,1.0,0.0,0.0,0.0,4135.0,0.3,1.1,0.0,2.5,4.0,1.1,1.0,0.0,2.0,1.0,1.0,25649.0,1.7,17.7,2.0,31.5,374.0
80,4th,57.35%,4480,K‐8 School,FY19,,0.0,0.0,0.0,0.0,0.0,0.0,0.0,2301.0,0.0,2.9,0.0,2.9,16.0,1.0,1.0,0.0,1.0,1.0,0.0,69499.0,0.0,14.1,10.0,44.1,266.0
81,7th,79.92%,5660,High School,FY19,,0.0,2.2,0.0,0.0,0.0,0.0,0.0,4154.0,0.0,0.8,0.0,3.0,0.0,1.2,0.5,0.0,2.0,1.0,1.0,107367.0,0.0,13.2,2.0,20.9,286.0
82,3rd,86.80%,1470,K‐8 School,FY19,,0.0,2.1,0.0,1.0,0.0,0.0,2.5,30742.0,0.0,7.2,0.0,12.8,10.0,1.1,1.0,0.0,1.0,1.0,0.5,36875.0,0.0,21.0,6.0,41.6,440.0
83,5th,87.31%,4560,K‐8 School,FY19,,0.0,0.0,0.0,1.0,0.0,0.0,2.0,44662.0,5.0,5.4,0.0,13.4,10.0,1.0,1.0,0.0,1.0,1.0,0.0,106448.0,0.0,16.8,5.0,35.8,351.0
84,7th,75.09%,8350,K‐8 School,FY19,,0.0,3.7,0.0,0.0,0.0,0.0,2.0,130081.0,17.0,8.2,0.0,30.9,18.0,4.1,3.6,1.0,2.0,2.0,7.0,203984.0,1.0,58.1,10.0,106.8,1392.0
85,8th,85.84%,6340,Elementary School,FY19,,0.0,0.2,0.0,0.8,0.0,0.0,6.0,4551.0,4.0,7.7,0.0,18.7,3.0,1.0,1.0,0.0,1.0,1.0,3.0,87376.0,0.0,17.4,3.0,30.4,451.0
86,3rd,62.01%,1390,Elementary School,FY19,,0.0,1.0,0.0,0.0,0.0,0.0,0.0,2638.0,0.0,3.2,0.0,4.2,0.0,2.0,1.0,0.0,1.0,1.0,4.0,25022.0,3.0,11.6,2.0,25.6,259.0
87,8th,88.51%,4360,K‐8 School,FY19,,0.0,1.3,0.0,0.0,0.0,0.0,0.0,121563.0,0.0,5.6,0.0,6.9,11.0,0.7,1.0,1.2,2.0,1.0,3.0,138476.0,1.0,21.5,7.0,49.4,463.0
88,1st,80.63%,5060,High School,FY19,,0.0,6.2,0.0,0.0,1.0,0.0,4.0,52867.0,0.0,3.0,0.0,14.2,0.0,0.2,1.0,1.0,2.0,1.0,0.0,161943.0,0.0,47.0,6.0,58.2,926.0
89,4th,68.17%,4280,Elementary School,FY19,,0.0,0.0,0.0,0.0,0.0,0.0,1.0,59614.0,4.0,5.0,0.0,10.0,13.0,1.0,1.0,0.0,1.0,1.0,3.0,32899.0,0.0,16.3,6.0,42.3,308.0
90,6th,75.06%,5430,Middle School,FY19,,1.0,1.0,0.0,0.0,0.0,0.0,0.0,76249.0,0.0,0.1,0.0,2.1,3.0,0.0,1.0,0.0,1.0,1.0,6.0,76247.0,0.0,21.2,4.0,37.2,450.0
91,1st,76.75%,2630,K‐8 School,FY19,,0.0,0.8,0.0,1.0,0.0,0.0,4.0,50050.0,0.0,4.7,0.0,10.5,17.0,0.8,2.0,0.0,1.0,1.0,0.0,84653.0,1.0,23.5,11.0,57.3,550.0
92,7th,84.89%,7290,K‐8 School,FY19,,1.9,2.1,0.0,1.0,0.0,0.0,0.0,18814.0,3.0,6.2,0.0,14.2,4.1,1.1,1.0,0.0,1.0,1.0,0.0,29248.0,0.0,24.9,5.0,38.1,501.0
93,2nd,80.86%,2260,K‐8 School,FY19,,0.0,1.3,0.0,0.0,0.0,0.0,5.0,40162.0,0.0,4.4,0.0,10.7,13.0,1.5,2.0,0.0,1.0,1.0,0.0,140498.0,0.0,24.0,11.0,53.5,477.0
94,1st,15.13%,2380,K‐8 School,FY19,,0.0,0.0,0.0,0.0,0.0,0.0,0.0,1307.0,3.4,3.0,0.0,6.4,5.0,1.0,1.0,0.0,1.0,1.0,6.0,67081.0,1.6,24.9,3.0,44.5,573.0
95,9th,74.31%,7370,Middle School,FY19,,0.0,0.1,0.0,0.0,0.0,0.0,3.0,58792.0,5.0,2.5,0.0,10.6,16.0,3.1,1.0,0.0,1.0,1.0,0.0,138273.0,0.0,27.1,9.0,58.2,560.0
96,10th,64.49%,8230,Elementary School,FY19,,0.0,0.0,0.0,0.0,0.0,0.0,4.0,7458.0,2.0,2.6,0.0,8.6,5.0,1.0,1.0,0.0,1.0,1.0,0.0,41608.0,1.0,15.3,2.0,27.3,351.0
97,1st,83.01%,5700,High School,FY19,,0.0,2.2,0.0,1.0,1.0,0.0,3.0,14886.0,0.0,3.6,0.0,10.7,11.0,1.2,1.0,0.0,2.0,2.0,1.0,232863.0,0.0,29.7,11.0,58.9,572.0
98,7th,85.71%,5350,K‐8 School,FY19,,0.0,0.2,0.0,0.0,0.0,0.0,4.0,111242.0,3.0,4.8,0.0,12.0,13.0,1.2,1.0,0.0,1.0,1.0,1.0,62558.0,2.0,22.1,7.0,49.3,445.0
99,9th,68.40%,7120,High School,FY19,,0.0,2.4,0.0,0.0,0.0,0.0,9.0,65481.0,0.0,3.9,0.0,15.3,13.0,2.6,1.2,0.0,3.0,2.0,0.0,175093.0,0.0,45.7,14.0,81.5,1004.0
100,1st,75.45%,2580,K‐8 School,FY19,,0.0,0.6,0.0,0.0,0.0,0.0,2.0,25592.0,2.0,4.2,0.0,8.8,9.0,2.0,1.0,0.0,1.0,1.0,2.0,78053.0,0.0,28.0,6.0,50.0,547.0
101,8th,77.70%,7490,Elementary School,FY19,,0.0,1.0,0.0,1.0,0.0,0.0,1.0,18709.0,9.0,5.8,1.0,18.8,18.0,1.0,1.0,0.0,1.0,1.0,6.0,41623.0,3.0,20.4,6.0,57.4,532.0
102,8th,81.47%,6220,Elementary School,FY19,,0.0,0.4,0.0,0.0,0.0,0.0,3.0,12587.0,4.0,4.0,0.0,11.4,9.0,0.6,2.0,0.0,1.0,1.0,2.0,144668.0,0.0,15.2,5.0,35.8,375.0
103,1st,82.81%,5550,High School,FY19,,0.0,3.6,0.0,1.0,0.2,0.0,2.0,8664.0,0.0,0.0,0.0,6.7,5.0,1.4,1.0,0.0,1.9,1.0,0.0,262620.0,0.0,21.6,6.0,37.9,442.0
104,10th,26.69%,8430,K‐8 School,FY19,,0.0,0.1,0.0,0.0,0.0,0.0,0.0,78789.0,3.0,4.0,0.0,7.1,17.0,1.1,1.0,0.0,2.0,2.0,7.0,81703.0,0.0,35.6,10.0,75.7,822.0
105,3rd,69.26%,1050,High School,FY19,,0.0,1.0,0.0,0.0,0.0,0.0,0.0,13670.0,0.0,1.4,0.0,2.4,0.0,0.0,1.0,0.0,1.0,1.0,2.0,17198.0,0.0,14.1,2.0,21.1,269.0
106,9th,77.85%,5610,High School,FY19,,0.0,0.7,0.0,1.0,0.0,0.0,2.0,4067.0,0.0,0.0,0.0,3.7,0.0,0.3,1.0,0.0,2.0,1.0,0.0,53595.0,0.0,17.2,2.0,23.5,360.0
107,2nd,80.91%,1400,Elementary School,FY19,,0.0,0.0,0.0,0.0,0.0,0.0,3.0,30987.0,3.0,9.2,0.0,15.2,2.0,1.0,1.0,0.0,1.0,1.0,2.0,87353.0,0.0,20.7,3.0,31.7,526.0
108,10th,49.06%,8770,K‐8 School,FY19,,0.0,0.0,0.0,0.0,1.0,0.0,0.0,82775.0,0.0,4.2,0.0,5.2,28.0,13.0,2.6,0.0,2.0,2.0,6.0,147384.0,0.0,34.7,18.0,106.3,766.0
109,5th,81.82%,4140,High School,FY19,,0.0,0.0,0.0,0.6,1.0,0.0,2.0,119956.0,0.0,2.0,0.0,5.6,13.0,4.0,1.0,0.4,2.0,1.0,4.0,134118.0,0.0,13.2,9.0,47.6,300.0
110,5th,61.38%,2290,High School,FY19,,0.0,2.2,0.0,0.0,0.0,0.0,9.0,7927.0,0.0,0.3,0.0,11.6,2.0,0.4,1.0,0.0,2.0,1.0,0.0,220650.0,0.0,50.6,2.0,58.9,881.0
111,9th,71.78%,7260,Elementary School,FY19,,0.9,0.0,0.0,0.0,0.0,0.0,4.0,35734.0,0.0,3.2,0.0,8.1,2.1,2.0,1.0,0.0,1.0,1.0,0.0,46977.0,0.0,12.2,4.0,23.3,264.0
112,7th,85.53%,7380,Elementary School,FY19,,0.0,0.2,0.0,0.0,0.0,0.0,3.0,220781.0,8.0,8.0,0.0,19.2,2.0,1.4,1.0,0.0,2.0,1.0,6.0,87438.0,0.0,28.2,3.0,44.6,621.0
113,2nd,86.23%,2370,K‐8 School,FY19,,0.0,2.0,0.0,0.0,0.0,0.0,7.0,35159.0,3.0,5.8,0.0,17.8,5.0,1.0,2.0,1.0,3.0,2.0,1.0,161208.0,0.0,19.7,4.0,38.7,347.0
114,1st,72.92%,2720,K‐8 School,FY19,,0.0,1.2,0.0,0.0,0.0,0.0,0.0,7048.0,3.0,2.8,0.0,7.0,13.0,1.2,1.0,0.0,1.0,1.0,4.0,58433.0,2.0,22.8,7.0,53.0,383.0
115,10th,54.97%,8090,High School,FY19,,0.0,1.9,0.0,0.0,1.0,0.0,0.0,15418.0,0.0,5.0,0.0,7.9,6.0,0.3,1.0,0.0,1.0,1.0,6.0,152103.0,0.0,36.3,9.0,60.6,706.0
116,4th,87.27%,1200,K‐8 School,FY19,,0.0,1.0,0.0,0.3,1.0,0.0,4.0,280112.0,6.0,7.8,0.0,20.1,10.0,3.0,1.0,1.7,1.0,2.0,2.0,68393.0,0.0,26.3,7.0,54.0,601.0
117,7th,88.57%,5440,Elementary School,FY19,,0.0,2.2,0.0,0.0,0.0,0.0,1.4,13697.0,0.0,11.0,0.0,14.6,12.0,2.2,1.0,0.0,1.0,1.0,5.6,51818.0,0.0,28.8,6.0,57.6,717.0
118,5th,84.12%,2490,K‐8 School,FY19,,0.0,1.0,0.0,0.4,0.0,0.0,1.0,8684.0,4.0,4.2,0.0,10.6,6.0,0.0,1.0,0.7,1.0,1.0,3.0,122243.0,1.0,12.2,5.0,30.9,275.0
119,7th,75.22%,7460,K‐8 School,FY19,,0.0,2.2,0.0,0.0,0.0,0.0,2.0,28793.0,4.0,3.4,0.0,11.6,11.0,1.2,1.0,0.0,1.0,1.0,4.0,79873.0,0.0,24.8,8.0,52.0,554.0
120,6th,78.27%,8200,K‐8 School,FY19,,0.0,0.5,0.0,1.0,2.0,0.0,0.0,50941.0,5.0,5.7,0.0,14.2,7.0,2.7,1.2,0.0,1.0,2.0,8.0,179618.0,1.0,45.0,7.0,74.9,989.0
121,5th,82.88%,4060,High School,FY19,,0.0,0.0,0.0,0.7,1.0,0.0,0.0,103211.0,0.0,6.6,0.0,8.3,2.0,1.0,1.0,1.1,2.0,1.0,5.0,52948.0,0.0,37.8,5.0,55.9,751.0
122,4th,48.20%,6410,K‐8 School,FY19,,0.0,0.0,0.0,0.0,0.0,0.0,0.0,12382.0,1.0,3.0,0.0,4.0,12.0,1.0,1.0,0.0,1.0,1.0,4.0,79613.0,0.0,20.4,7.0,47.4,470.0
123,4th,57.14%,6040,High School,FY19,,0.0,0.0,0.0,0.0,0.0,0.0,4.0,2982.0,2.0,0.7,0.0,6.7,3.0,2.0,1.0,3.0,1.0,1.0,0.0,107425.0,0.0,25.3,3.0,39.3,498.0
124,7th,84.69%,7360,Elementary School,FY19,,0.0,0.8,0.0,0.0,1.0,0.0,5.0,189433.0,0.0,2.0,0.0,8.8,16.0,4.2,2.0,0.0,1.0,1.0,0.0,69043.0,0.0,21.2,7.0,52.4,352.0
125,5th,84.09%,5560,K‐8 School,FY19,,0.0,1.1,0.0,0.0,0.0,0.0,3.0,20658.0,1.0,2.1,0.0,7.2,0.0,0.1,1.0,0.2,1.0,1.0,1.0,137003.0,0.0,14.1,1.0,19.4,248.0
126,10th,53.67%,8400,Elementary School,FY19,,0.0,0.9,0.0,0.0,0.0,0.0,7.0,18582.0,0.0,11.0,0.0,18.9,3.0,2.3,1.4,0.0,3.0,2.0,6.0,164034.0,2.0,56.4,4.0,80.1,1355.0
127,5th,82.40%,5480,K‐8 School,FY19,,0.0,0.0,0.0,1.0,0.0,0.0,3.6,5194.0,1.0,3.0,0.0,8.6,10.0,1.0,1.0,0.0,1.0,1.0,1.4,71913.0,0.0,15.8,5.0,36.2,289.0
128,7th,80.96%,7110,Middle School,FY19,,0.0,2.1,0.0,1.0,0.0,0.0,5.0,95107.0,0.0,3.0,0.0,11.1,19.0,3.1,1.0,0.0,3.0,1.0,6.0,138403.0,0.0,39.2,15.0,87.3,788.0
129,2nd,78.76%,2450,K‐8 School,FY19,,0.0,0.6,0.0,0.0,0.0,0.0,0.0,5113.0,0.0,4.6,0.0,5.2,5.0,0.4,2.0,0.0,1.0,1.0,3.0,46813.0,0.0,11.9,3.0,27.3,254.0
130,9th,63.97%,6210,K‐8 School,FY19,,0.0,0.0,0.0,0.0,1.0,0.0,6.0,7941.0,0.0,4.0,0.0,11.0,8.0,1.0,1.0,0.0,1.0,1.0,2.0,49753.0,1.0,27.4,8.0,50.4,658.0
131,1st,70.72%,2000,High School,FY19,,0.0,2.1,0.0,1.6,1.0,0.0,2.0,1822.0,0.0,4.8,0.0,11.5,20.0,2.1,1.0,0.2,1.0,1.0,0.0,38298.0,0.0,31.7,16.0,73.0,563.0
132,1st,44.20%,2340,K‐8 School,FY19,,0.0,0.6,0.0,0.0,0.0,0.0,6.0,9006.0,0.0,4.0,0.0,10.6,9.0,1.8,1.0,0.2,1.0,1.0,0.0,132853.0,0.0,36.4,4.0,54.4,749.0
133,5th,75.46%,5620,High School,FY19,,0.0,1.0,0.0,0.0,0.0,0.0,2.0,3283.0,0.0,0.2,0.0,3.2,0.0,0.0,1.0,0.5,2.0,1.0,0.0,18120.0,0.0,13.8,2.0,20.3,293.0
134,9th,67.48%,8310,Elementary School,FY19,,0.0,1.7,0.0,0.0,0.0,0.0,12.0,110242.0,0.0,9.2,0.0,22.9,9.0,2.1,1.2,0.0,2.0,2.0,0.0,295634.0,2.0,49.2,9.0,76.5,1191.0
135,7th,86.13%,5390,K‐8 School,FY19,,0.0,0.2,0.0,0.0,1.0,0.0,0.0,243546.0,0.0,7.5,0.0,8.7,1.0,3.2,1.0,0.0,1.0,1.0,6.0,82543.0,0.0,28.2,4.0,45.4,524.0
136,8th,81.82%,6300,Elementary School,FY19,,0.0,0.0,0.0,1.0,0.0,0.0,1.0,25274.0,1.0,4.2,0.0,7.2,9.0,1.0,1.0,0.0,1.0,1.0,3.0,69713.0,1.0,14.6,5.0,36.6,346.0
137,1st,81.55%,2540,Elementary School,FY19,,0.0,0.5,0.0,1.0,0.0,0.0,3.0,31361.0,2.0,5.4,0.0,11.9,1.0,1.7,1.0,0.0,1.0,1.0,1.0,120303.0,0.0,24.8,2.0,33.5,452.0
138,1st,86.31%,5590,Elementary School,FY19,,0.0,0.2,0.0,1.0,0.0,0.0,8.0,14933.0,4.0,12.7,0.0,25.9,16.0,2.4,1.0,0.2,2.0,1.0,0.0,96278.0,0.0,32.0,8.0,62.5,795.0
139,4th,68.75%,4320,K‐8 School,FY19,,0.0,0.6,0.0,0.0,1.0,0.0,4.0,8785.0,0.0,3.2,0.0,8.8,18.0,0.4,1.0,1.0,1.0,1.0,2.0,28168.0,0.0,29.0,11.0,64.4,623.0
140,6th,67.68%,8140,Middle School,FY19,,0.0,0.0,0.0,0.0,1.0,0.0,0.0,28661.0,0.0,1.0,0.0,2.0,3.0,1.0,1.0,0.0,1.0,1.0,7.0,47353.0,0.0,29.9,8.0,51.9,614.0
141,3rd,83.17%,1230,K‐8 School,FY19,,0.0,0.0,0.0,1.0,1.0,0.0,2.0,159644.0,2.0,6.2,0.0,12.2,3.0,4.0,1.0,1.0,1.0,1.0,4.0,112008.0,0.0,21.1,2.0,38.1,421.0
142,7th,80.49%,5020,High School,FY19,,0.0,1.2,0.0,0.0,1.1,0.0,8.0,479192.0,0.0,7.0,0.0,17.2,20.0,5.2,1.6,1.2,2.9,2.0,0.0,207850.0,2.0,57.3,23.0,115.3,1055.0
143,7th,86.25%,5470,Elementary School,FY19,,0.0,1.3,0.0,1.0,0.0,0.0,5.0,42492.0,5.0,4.6,0.0,16.9,5.0,0.5,1.0,0.0,2.0,1.0,0.0,138278.0,0.0,21.6,5.0,36.1,469.0
144,9th,52.80%,6460,Middle Secondary,FY19,,0.0,1.5,0.0,0.0,0.0,0.0,3.0,4358.0,0.0,0.0,0.0,4.5,30.0,0.5,1.2,0.0,2.0,1.0,0.0,159906.0,0.0,33.8,20.0,88.5,679.0
145,1st,61.60%,2670,High School,FY19,,0.0,0.3,0.0,0.0,0.0,0.0,0.0,32334.0,0.0,1.2,0.0,1.5,4.0,0.9,1.0,0.0,1.0,1.0,1.0,90953.0,0.0,17.0,2.0,27.9,396.0
146,4th,66.61%,6030,High School,FY19,,0.0,1.6,0.0,0.0,0.0,0.0,5.0,12667.0,0.0,8.4,0.3,15.3,21.0,1.4,1.1,0.0,2.0,1.0,0.0,78513.0,0.0,29.9,15.8,72.2,686.0
147,6th,78.65%,7330,Elementary School,FY19,,0.0,1.2,0.0,0.0,1.0,0.0,13.0,48224.0,5.0,5.0,1.0,26.2,15.0,1.2,2.0,0.0,1.0,1.0,9.0,70668.0,0.0,30.3,13.0,72.5,791.0
148,6th,70.15%,8270,Elementary School,FY19,,0.0,0.1,0.0,0.0,0.0,0.0,4.0,77723.0,8.0,5.2,0.0,17.3,19.0,1.1,1.0,0.0,1.0,1.0,0.0,64783.0,2.0,26.7,8.0,59.8,610.0
149,5th,86.67%,4440,K‐8 School,FY19,,0.0,0.0,0.0,0.0,1.0,0.0,2.0,216214.0,4.0,5.3,0.0,12.3,3.0,3.0,1.0,0.0,1.0,1.0,5.0,30188.0,0.0,23.0,3.0,40.0,391.0
150,3rd,79.77%,1100,High School,FY19,,0.0,0.5,0.0,0.0,1.0,0.0,1.0,42432.0,0.0,6.8,0.0,9.3,21.0,1.5,1.0,1.0,1.0,1.0,2.0,43972.0,0.0,17.2,13.0,58.7,399.0
151,10th,53.69%,8390,K‐8 School,FY19,,0.0,0.0,0.0,0.0,0.0,0.0,0.0,31953.0,7.0,5.2,0.0,12.2,12.0,1.0,1.0,0.0,2.0,1.0,10.0,102908.0,5.0,32.8,8.0,72.8,791.0
152,1st,77.35%,2190,K‐8 School,FY19,,0.0,1.6,0.0,0.0,0.0,0.0,5.0,65933.0,4.0,2.4,0.0,13.0,9.0,1.0,1.0,0.0,1.0,1.0,1.0,128423.0,0.0,28.0,5.0,47.0,576.0
153,4th,48.16%,6380,K‐8 School,FY19,,0.0,0.0,0.0,0.0,0.0,0.0,0.0,62715.0,0.0,2.8,0.0,2.8,22.0,3.0,1.0,0.0,1.0,1.0,6.0,54058.0,0.0,22.2,6.0,62.2,493.0
154,9th,77.47%,7530,Elementary School,FY19,,0.0,0.0,0.0,1.0,0.0,0.0,0.0,13346.0,5.0,5.2,0.0,11.2,6.0,1.0,1.0,0.0,1.0,1.0,5.0,51858.0,0.0,17.4,4.0,36.4,441.0
155,8th,62.95%,6260,K‐8 School,FY19,,0.0,1.8,0.0,1.0,0.0,0.0,2.8,6395.0,0.0,3.2,0.0,8.8,9.0,0.2,1.0,0.0,1.0,1.0,0.2,57853.0,3.0,18.9,9.0,43.3,381.0
156,3rd,83.21%,1350,K‐8 School,FY19,,0.0,1.0,0.0,1.0,0.0,0.0,6.6,20259.0,3.0,3.0,0.0,14.6,8.0,0.0,1.0,0.0,1.0,1.0,1.4,155758.0,3.0,19.1,6.0,40.5,373.0
157,4th,73.02%,4240,Elementary School,FY19,,0.0,0.0,0.0,1.0,1.0,0.0,0.0,5276.0,0.0,3.2,0.0,5.2,11.0,1.0,1.0,0.0,1.0,1.0,4.0,26953.0,1.0,17.4,7.0,44.4,370.0
158,10th,59.23%,8020,High School,FY19,,0.0,2.2,0.0,2.6,3.0,0.0,0.0,104330.0,0.0,6.2,1.0,15.0,16.0,8.2,3.0,0.0,4.0,4.0,15.0,674271.0,0.0,154.7,18.0,222.9,3411.0
159,7th,86.96%,8470,Middle Secondary,FY19,,0.0,0.8,0.0,0.0,0.0,0.0,0.0,2039.0,0.0,0.0,0.0,0.8,0.0,0.2,0.3,1.0,1.0,1.0,2.0,132117.0,0.0,9.2,5.0,19.7,85.0
160,5th,51.38%,5200,K‐8 School,FY19,,0.0,0.0,0.0,0.0,0.0,0.0,0.0,5784.0,0.0,4.0,0.0,4.0,1.0,1.0,1.0,0.0,1.0,1.0,1.0,56033.0,0.0,19.4,4.0,29.4,398.0
161,2nd,73.48%,1010,High School,FY19,,0.0,2.7,0.0,3.0,0.7,0.0,5.0,33074.0,0.0,0.8,0.0,12.2,15.0,0.3,1.0,1.4,2.3,1.0,0.0,323625.0,0.0,26.4,13.0,60.4,537.0
162,2nd,69.54%,1440,K‐8 School,FY19,,0.0,0.5,0.0,1.0,0.0,0.0,6.0,6162.0,0.0,3.6,0.0,11.1,26.0,0.5,1.0,1.0,2.0,1.0,1.0,106603.0,0.0,21.5,13.0,67.0,472.0
163,10th,67.57%,8360,Elementary School,FY19,,0.0,0.5,0.0,0.0,0.0,0.0,0.0,87635.0,6.0,5.0,0.0,11.5,4.0,1.7,1.0,0.0,1.0,1.0,4.0,133763.0,0.0,27.4,3.0,43.1,632.0
164,4th,44.47%,2680,Middle Secondary,FY19,,0.0,1.0,0.0,0.0,0.0,0.0,0.0,3668.0,0.0,1.3,0.0,2.3,5.0,1.0,1.0,1.0,1.0,0.0,2.0,79867.0,0.0,25.2,3.0,39.2,552.0
165,9th,76.28%,7220,Elementary School,FY19,,0.0,0.3,0.0,1.0,1.0,0.0,5.0,30178.0,4.0,10.2,0.0,21.5,13.0,2.5,2.1,0.0,2.0,1.0,1.0,111323.0,1.0,38.5,8.0,69.1,940.0
166,3rd,70.17%,8560,High School,FY19,,0.0,0.0,0.0,0.0,0.0,0.0,0.0,4672.0,0.0,1.0,0.0,1.0,0.0,1.0,1.0,0.0,1.0,2.0,1.0,170148.0,1.0,13.0,2.0,22.0,239.0
167,4th,84.88%,4350,K‐8 School,FY19,,0.0,0.0,0.0,2.6,1.0,0.0,3.5,213780.0,0.0,3.2,0.0,10.3,12.0,2.4,1.0,1.0,1.0,1.0,3.5,43339.0,0.0,28.1,9.0,59.0,534.0
168,5th,75.60%,5050,High School,FY19,,0.0,0.1,0.0,0.0,0.0,0.0,3.8,3198.0,0.0,4.0,0.0,7.9,0.0,1.1,1.0,0.2,1.0,1.0,0.2,127888.0,0.0,13.8,2.0,20.3,309.0
169,1st,83.92%,5400,Elementary School,FY19,,0.0,0.1,0.0,1.0,0.0,0.0,6.0,62178.0,0.0,8.4,0.0,15.5,7.0,1.1,1.0,0.0,1.0,2.0,0.0,92148.0,0.0,23.8,6.0,41.9,591.0
170,1st,66.42%,2160,High School,FY19,,0.0,2.8,0.0,1.0,0.0,0.0,0.0,17119.0,2.0,3.5,0.0,9.3,5.0,4.0,1.0,0.0,2.0,1.0,4.0,120683.0,0.0,34.7,8.0,59.7,662.0
171,9th,63.15%,6310,K‐8 School,FY19,,0.0,0.0,0.0,1.0,0.0,0.0,6.0,5928.0,0.0,3.4,0.0,10.4,5.0,1.0,2.0,0.0,1.0,1.0,1.0,103573.0,0.0,18.9,6.0,35.9,418.0
172,7th,87.05%,7440,Elementary School,FY19,,0.0,2.2,0.0,1.0,0.0,0.0,6.6,54921.0,1.0,6.8,0.0,17.6,5.0,0.4,1.0,0.0,2.0,1.0,3.4,80113.0,5.0,29.4,6.0,53.2,562.0
173,7th,73.61%,7010,High School,FY19,,0.0,2.4,0.0,1.0,1.0,0.0,3.0,226217.0,0.0,8.4,0.0,15.8,23.0,2.2,1.4,0.0,2.0,2.0,10.0,93766.0,0.0,42.6,21.0,104.2,933.0
174,7th,88.77%,5260,Elementary School,FY19,,0.0,4.1,0.0,1.0,0.0,0.0,3.3,15697.0,4.0,8.6,1.0,22.0,3.0,0.1,1.0,0.0,3.0,1.0,6.7,62618.0,1.0,36.7,4.0,56.5,799.0
175,3rd,85.17%,1420,K‐8 School,FY19,,0.0,0.1,0.0,2.0,0.0,0.0,4.0,19646.0,0.0,3.0,0.0,9.1,27.0,1.1,2.0,0.0,1.0,1.0,0.0,102763.0,0.0,16.2,11.0,59.3,328.0
176,5th,88.73%,4530,K‐8 School,FY19,,0.0,2.0,0.0,0.0,0.0,0.0,0.6,17010.0,1.0,4.2,0.0,7.8,6.0,0.0,1.0,0.0,2.0,1.0,4.4,283773.0,0.0,18.2,5.0,37.6,269.0
177,6th,64.70%,8300,K‐8 School,FY19,,0.0,3.2,0.0,0.0,2.0,0.0,0.0,23665.0,5.0,8.0,0.0,18.2,8.0,2.8,1.4,0.0,4.0,3.0,16.0,237214.0,1.0,81.5,10.0,127.7,1902.0
178,3rd,70.50%,1190,High School,FY19,,0.0,1.0,0.0,0.4,0.0,0.0,3.0,8119.0,0.0,0.0,0.0,4.4,0.0,0.6,1.0,0.0,1.0,1.0,0.0,79593.0,1.0,19.4,2.0,26.0,384.0
179,8th,80.28%,7100,K‐8 School,FY19,,0.0,1.1,0.0,0.0,1.0,0.0,3.5,195083.0,0.0,2.0,0.0,7.6,5.0,1.1,1.0,3.0,1.0,1.0,2.5,104118.0,1.0,23.7,5.0,44.3,385.0
180,8th,71.86%,6200,K‐8 School,FY19,,0.0,0.0,0.0,0.0,1.0,0.0,0.0,8000.0,0.0,2.6,0.0,3.6,7.0,2.0,2.0,0.0,1.0,1.0,4.0,40526.0,0.0,19.9,6.0,42.9,455.0
181,5th,76.79%,2010,High School,FY19,,0.0,2.0,0.0,1.0,0.0,0.0,4.0,57219.0,0.0,6.0,0.0,13.0,14.0,0.0,1.0,1.0,2.0,1.0,0.0,150493.0,0.0,23.2,13.0,55.2,480.0
182,5th,86.30%,4220,K‐8 School,FY19,,0.0,1.0,0.0,1.0,1.0,0.0,6.0,18990.0,6.0,3.0,0.0,18.0,29.0,0.0,1.0,0.0,1.0,1.0,0.0,260713.0,0.0,22.1,9.0,63.1,486.0
183,10th,35.38%,8040,High School,FY19,,0.0,0.0,0.0,0.0,0.0,0.0,0.0,74993.0,0.0,0.6,0.0,0.6,6.0,1.0,1.0,0.0,1.0,1.0,5.0,131533.0,0.0,27.7,3.0,45.7,631.0
184,6th,59.29%,8410,Elementary School,FY19,,0.0,0.1,0.0,0.0,0.8,0.0,0.0,32447.0,0.0,4.8,0.0,5.7,16.0,2.1,1.0,0.0,1.2,1.0,0.0,73493.0,0.0,26.5,11.0,58.8,619.0
185,7th,86.49%,5490,Elementary School,FY19,,0.0,1.2,0.0,1.0,0.0,0.0,0.0,28167.0,0.6,8.6,0.0,11.4,4.0,1.2,1.0,0.2,1.0,1.0,6.0,58688.0,0.4,22.7,5.0,42.5,475.0
186,8th,72.41%,6400,K‐12 School,FY19,,3.0,0.0,0.0,0.0,0.0,0.0,0.0,3721.0,0.0,1.6,3.0,7.6,23.0,2.0,12.0,1.0,1.0,1.0,2.0,47742.0,0.0,3.9,25.0,70.9,136.0
187,2nd,78.87%,2240,K‐8 School,FY19,,0.0,1.3,0.0,1.0,0.0,0.0,0.0,17136.0,2.0,3.0,0.0,7.3,9.0,0.7,1.0,0.0,1.0,1.0,4.0,66465.0,0.0,18.3,9.0,44.0,326.0
188,8th,58.79%,6050,High School,FY19,,0.0,0.1,0.0,0.0,0.0,0.0,0.0,7116.0,0.0,3.2,0.0,3.3,1.0,2.1,1.2,0.0,2.0,1.0,2.0,58875.0,0.0,37.0,1.0,47.4,832.0
189,9th,78.34%,7350,Elementary School,FY19,,0.0,0.2,0.0,1.0,0.5,0.0,7.3,28054.0,0.0,9.2,0.0,18.2,10.0,1.4,1.0,0.0,1.5,2.0,4.8,60443.0,7.0,27.2,5.0,59.8,716.0
190,6th,71.04%,8210,Elementary School,FY19,,0.0,0.1,0.0,0.0,0.0,0.0,4.0,20561.0,6.0,4.0,0.0,14.1,9.0,2.1,1.0,0.0,1.0,1.0,1.0,80178.0,0.0,24.8,5.0,44.9,573.0
191,7th,78.55%,5370,Elementary School,FY19,,0.0,1.2,0.0,0.0,0.0,0.0,0.0,5815.0,0.0,3.5,0.0,4.6,2.0,0.2,1.0,0.0,1.0,1.0,5.0,60528.0,0.0,15.0,3.0,28.2,301.0
192,8th,81.45%,6360,K‐8 School,FY19,,0.0,3.0,0.0,1.0,2.0,0.0,0.0,600289.0,10.0,6.4,0.0,22.4,15.0,3.0,1.0,1.0,1.0,1.0,4.0,26638.0,0.0,25.7,10.0,61.7,503.0
193,1st,70.07%,2520,Elementary School,FY19,,0.0,0.6,0.0,0.0,0.0,0.0,1.0,31137.0,3.0,3.0,0.0,7.6,4.0,1.0,1.0,0.0,1.0,1.0,3.0,117053.0,0.0,12.8,2.0,25.8,291.0
194,6th,86.25%,7430,Elementary School,FY19,,0.0,1.7,0.0,0.0,0.0,0.0,7.0,36944.0,0.0,10.2,0.0,18.9,7.0,0.7,1.0,0.0,2.0,1.0,0.0,185048.0,0.0,27.9,7.0,46.6,735.0
195,9th,67.71%,8120,Middle School,FY19,,0.0,1.0,0.0,2.0,2.0,0.0,4.6,18068.0,2.0,0.0,0.0,11.6,10.0,5.4,1.4,0.0,2.0,2.0,7.4,91384.0,0.0,69.7,9.0,106.9,1380.0
196,2nd,81.35%,1250,Elementary School,FY19,,0.0,0.7,0.0,0.0,0.0,0.0,5.0,100836.0,3.0,4.6,0.0,13.3,3.0,0.5,1.0,0.0,2.0,1.0,1.0,107168.0,0.0,20.3,6.0,34.8,487.0
197,7th,88.33%,5410,Elementary School,FY19,,0.0,0.2,0.0,0.0,0.0,0.0,3.0,5055.0,1.8,5.4,0.0,10.4,0.0,2.2,1.0,0.0,1.0,1.0,0.0,55346.0,0.2,9.3,1.0,15.8,161.0
198,1st,75.63%,2690,K‐8 School,FY19,,0.0,0.6,0.0,0.0,0.0,0.0,0.0,73132.0,6.0,5.0,0.0,11.6,5.0,1.8,1.0,0.0,1.0,1.0,6.0,47013.0,0.0,23.7,4.0,43.5,454.0
199,4th,61.51%,6480,Middle School,FY19,,0.0,1.0,0.0,0.0,0.0,0.0,0.0,7134.0,0.0,0.3,0.0,1.3,4.0,0.0,1.0,0.0,1.0,1.0,1.0,65328.0,0.0,16.4,2.0,26.4,321.0
200,2nd,82.66%,2320,Elementary School,FY19,,0.0,0.8,0.0,0.0,0.0,0.0,4.0,85762.0,4.0,6.6,0.0,15.4,1.0,0.8,1.0,1.0,1.0,1.0,3.0,71978.0,5.0,20.1,2.0,35.9,501.0
201,1st,79.49%,5210,K‐8 School,FY19,,0.0,0.3,0.0,0.0,0.0,0.0,0.0,64527.0,0.0,8.2,0.0,8.5,14.0,1.5,1.0,0.0,1.0,1.0,5.0,53228.0,0.0,22.2,10.0,55.7,471.0
202,10th,42.74%,8370,Elementary School,FY19,,0.0,0.2,0.0,0.0,0.0,0.0,3.0,25172.0,4.0,3.0,0.0,10.2,10.0,1.2,1.0,0.0,1.0,1.0,0.0,111298.0,0.0,20.4,6.0,40.6,489.0
203,8th,80.68%,5500,K‐8 School,FY19,,0.0,2.3,0.0,0.8,0.0,0.0,8.0,100378.0,6.0,7.2,0.0,24.4,26.0,1.2,3.1,1.0,2.0,1.0,1.0,96713.0,0.0,33.8,15.0,84.1,806.0
204,3rd,73.08%,1340,K‐8 School,FY19,,0.0,1.2,0.0,1.5,0.0,0.0,0.0,9465.0,3.0,5.6,0.0,11.3,23.0,3.9,2.0,0.0,1.0,1.0,0.0,55978.0,0.0,26.9,8.0,65.8,579.0
205,5th,61.74%,5150,High School,FY19,,0.0,2.1,0.0,0.0,0.0,0.0,4.0,19592.0,0.0,0.0,0.0,6.1,1.0,1.1,1.0,0.0,1.0,1.0,0.0,146493.0,1.0,26.7,1.0,33.8,549.0
206,10th,52.46%,8030,High School,FY19,,0.0,1.6,0.0,2.0,2.0,0.0,4.0,29891.0,2.0,2.9,0.0,14.5,27.0,5.0,1.3,0.4,2.0,2.0,0.0,343874.0,2.0,60.1,21.0,120.8,1276.0
207,3rd,85.44%,8460,High School,FY19,,0.0,0.0,0.0,0.0,0.0,0.0,2.0,2861.0,0.0,0.6,0.0,2.6,0.0,1.0,0.5,2.0,1.0,1.0,0.0,258548.0,2.0,10.4,2.0,19.9,89.0
208,8th,85.09%,6390,K‐8 School,FY19,,0.0,1.0,0.0,1.0,1.0,0.0,3.7,223328.0,0.0,3.3,0.0,10.0,10.0,3.0,1.0,0.0,1.0,1.0,2.3,78403.0,6.0,28.0,5.0,57.2,490.0
209,8th,39.44%,6270,K‐8 School,FY19,,0.0,0.0,0.0,0.0,0.0,0.0,1.0,9195.0,5.0,4.4,0.0,10.4,3.0,1.0,1.0,0.0,1.0,1.0,5.0,49173.0,1.0,24.2,5.0,42.2,535.0
210,10th,50.60%,8260,Elementary School,FY19,,0.0,0.8,0.0,0.0,0.0,0.0,0.0,5657.0,0.0,4.8,0.0,5.6,25.0,0.2,1.0,0.0,1.0,1.0,4.0,34185.0,0.0,20.6,8.0,60.8,487.0
211,1st,72.43%,5300,Elementary School,FY19,,0.0,1.0,0.0,0.0,0.0,0.0,2.0,56408.0,0.0,4.4,0.0,7.4,13.0,0.0,2.0,0.0,1.0,1.0,2.0,76673.0,0.0,15.0,9.0,43.0,359.0
212,10th,65.08%,8380,K‐8 School,FY19,,0.0,2.1,0.0,0.0,0.0,0.0,10.0,33466.0,7.0,5.0,0.0,24.1,12.0,2.7,2.1,0.0,1.0,2.0,2.0,325049.0,3.0,50.4,11.0,86.2,1159.0
213,8th,85.17%,6470,Elementary School,FY19,,0.0,1.0,0.0,0.0,1.0,0.0,1.1,12704.0,7.0,8.4,0.0,18.5,19.0,0.0,2.0,0.0,1.0,1.0,7.9,255233.0,6.0,26.9,7.0,70.8,708.0
214,9th,81.93%,7320,Elementary School,FY19,,0.0,0.0,0.0,1.0,0.0,0.0,0.0,22790.0,5.0,4.2,0.0,10.2,8.0,1.0,1.0,0.0,1.0,1.0,3.0,39888.0,0.0,11.0,4.0,30.0,235.0
