,Council District,Organization Code,School Level,Economically Disadvantaged Rate,operating_fund: Principals/Assistant Principals,operating_fund: Teachers ‐ Regular Education,operating_fund: Teachers ‐ Special Education,operating_fund: Counselors/Student Adv./ Soc. Serv. Liaisons,operating_fund: Nurses/Health Services,operating_fund: Classroom Assistants/Teacher Assistants,operating_fund: Secretaries,operating_fund: Support Services Assistants,operating_fund: Student Climate Staff,operating_fund: Other,operating_fund: Total Positions,operating_fund: Supplies/Equipment/Non Full‐Time Salaries/Other,grant_fund: Principals/Assistant Principals,grant_fund: Teachers ‐ Regular Education,grant_fund: Teachers ‐ Special Education,grant_fund: Counselors/Student Adv./ Soc. Serv. Liaisons,grant_fund: Nurses/Health Services,grant_fund: Classroom Assistants/Teacher Assistants,grant_fund: Secretaries,grant_fund: Support Services Assistants,grant_fund: Student Climate Staff,grant_fund: Other,grant_fund: Total Positions,grant_fund: Supplies/Equipment/Non Full‐Time Salaries/Other,enrollment
0,2nd,1380,Elementary School,83.44%,100000.0,2500000.0,280000.0,80000.0,100000.0,800000.0,100000.0,200000.0,100000.0,120000.0,43.8,100159.0,0.0,860000.0,20000.0,20000.0,0.0,0.0,0.0,500000.0,700000.0,0.0,21.0,19977.0,640.0
1,4th,4370,Elementary School,79.34%,100000.0,1390000.0,80000.0,100000.0,100000.0,100000.0,100000.0,0.0,0.0,0.0,19.7,74924.0,0.0,280000.0,120000.0,0.0,0.0,0.0,0.0,0.0,200000.0,0.0,6.0,21444.0,242.0
2,8th,5070,High School,54.18%,100000.0,1140000.0,180000.0,100000.0,100000.0,0.0,100000.0,0.0,0.0,0.0,17.2,79458.0,0.0,20000.0,20000.0,0.0,0.0,0.0,0.0,0.0,200000.0,0.0,2.4,3740.0,261.0
3,3rd,1260,K‐8 School,84.48%,100000.0,2110000.0,380000.0,50000.0,100000.0,700000.0,100000.0,100000.0,140000.0,0.0,37.8,113276.0,0.0,500000.0,20000.0,160000.0,0.0,100000.0,0.0,100000.0,459999.99999999994,100000.0,14.4,4997.0,516.0
4,7th,5420,K‐8 School,86.01%,100000.0,2080000.0,380000.0,140000.0,100000.0,200000.0,100000.0,40000.0,0.0,0.0,31.3,80079.0,0.0,300000.0,20000.0,120000.0,0.0,0.0,0.0,170000.0,500000.0,100000.0,12.1,71373.0,382.0
5,5th,2140,Middle Secondary,19.97%,200000.0,5450000.0,80000.0,300000.0,120000.0,200000.0,200000.0,0.0,80000.0,80000.0,67.0,39408.0,0.0,60000.0,20000.0,0.0,0.0,0.0,0.0,0.0,420000.0,0.0,5.1,63315.0,1198.0
6,9th,6350,K‐8 School,73.92%,100000.0,1700000.0,480000.0,60000.0,100000.0,1300000.0,100000.0,0.0,0.0,0.0,38.4,139150.0,0.0,420000.0,120000.0,140000.0,0.0,0.0,0.0,300000.0,200000.0,100000.0,12.8,23207.0,379.0
7,1st,2510,K‐8 School,61.82%,100000.0,2520000.0,280000.0,170000.0,100000.0,300000.0,100000.0,0.0,400000.0,100000.0,40.7,66739.0,0.0,620000.0,20000.0,50000.0,0.0,0.0,0.0,300000.0,0.0,0.0,9.9,31404.0,580.0
8,9th,7400,K‐8 School,73.64%,200000.0,3700000.0,780000.0,90000.0,100000.0,800000.0,100000.0,0.0,640000.0,0.0,64.1,189599.0,0.0,919999.9999999999,20000.0,190000.0,0.0,0.0,0.0,0.0,560000.0,0.0,17.0,57670.0,884.0
9,4th,1030,High School,69.79%,100000.0,2130000.0,980000.0000000001,60000.0,100000.0,1800000.0,100000.0,0.0,200000.0,0.0,54.6,101859.0,0.0,120000.0,20000.0,40000.0,0.0,0.0,0.0,0.0,0.0,0.0,1.9,9391.0,487.0
10,3rd,1460,K‐8 School,81.08%,100000.0,2000000.0,380000.0,30000.0,100000.0,300000.0,100000.0,200000.0,600000.0,0.0,38.1,56562.0,0.0,620000.0,20000.0,70000.0,0.0,0.0,0.0,300000.0,100000.0,100000.0,12.1,18963.0,479.0
11,3rd,1580,Middle School,74.72%,100000.0,1410000.0,280000.0,50000.0,50000.0,600000.0,100000.0,0.0,200000.0,0.0,27.9,44913.0,0.0,0.0,20000.0,100000.0,0.0,0.0,0.0,0.0,0.0,0.0,1.2,5248.0,275.0
12,5th,4570,K‐8 School,89.54%,100000.0,1700000.0,580000.0,250000.0,100000.0,800000.0,100000.0,70000.0,0.0,0.0,37.0,83739.0,0.0,640000.0,120000.0,50000.0,0.0,0.0,0.0,530000.0,500000.0,0.0,18.5,51520.0,379.0
13,6th,8340,Elementary School,75.02%,200000.0,5140000.0,900000.0,260000.0,140000.0,1000000.0,200000.0,0.0,800000.0,0.0,86.4,95740.0,100000.0,1000000.0,0.0,240000.0,0.0,0.0,0.0,0.0,0.0,0.0,13.4,36909.0,1203.0
14,7th,7200,Elementary School,81.37%,100000.0,2490000.0,380000.0,140000.0,200000.0,500000.0,200000.0,100000.0,700000.0,0.0,48.0,51489.0,0.0,1300000.0,20000.0,120000.0,0.0,0.0,0.0,0.0,0.0,0.0,14.5,3820.0,717.0
15,5th,7510,K‐8 School,87.07%,140000.0,3020000.0,180000.0,110000.00000000001,100000.0,200000.0,100000.0,0.0,0.0,0.0,38.5,279304.0,60000.0,980000.0000000001,20000.0,10000.0,0.0,0.0,0.0,0.0,500000.0,0.0,15.7,42495.0,728.0
16,3rd,2050,Middle School,46.89%,100000.0,819999.9999999999,180000.0,100000.0,100000.0,100000.0,100000.0,0.0,200000.0,0.0,17.0,33248.0,0.0,200000.0,20000.0,0.0,0.0,0.0,0.0,0.0,100000.0,0.0,3.2,1563.0,176.0
17,7th,5530,Elementary School,87.96%,100000.0,2940000.0,580000.0,80000.0,100000.0,1100000.0,100000.0,0.0,40000.0,70000.0,51.1,68029.0,0.0,1070000.0,20000.0,220000.00000000003,0.0,0.0,0.0,300000.0,660000.0,50000.0,23.2,59082.0,699.0
18,5th,5160,Middle Secondary,79.44%,200000.0,2750000.0,1280000.0,120000.0,100000.0,1000000.0,100000.0,0.0,0.0,0.0,55.5,66238.0,100000.0,350000.0,20000.0,100000.0,0.0,0.0,0.0,0.0,200000.0,200000.0,9.7,8774.0,539.0
19,8th,4380,Elementary School,85.69%,100000.0,2000000.0,280000.0,0.0,100000.0,400000.0,100000.0,0.0,500000.0,0.0,34.8,128127.0,0.0,710000.0,20000.0,100000.0,0.0,0.0,0.0,300000.0,100000.0,0.0,12.3,18815.0,489.0
20,3rd,1370,K‐8 School,83.60%,100000.0,2790000.0,280000.0,200000.0,100000.0,400000.0,100000.0,0.0,0.0,90000.0,40.6,245300.0,100000.0,620000.0,20000.0,0.0,0.0,0.0,0.0,100000.0,0.0,10000.0,8.6,273901.0,528.0
21,3rd,1290,K‐8 School,85.16%,100000.0,2250000.0,680000.0,100000.0,100000.0,1300000.0,100000.0,0.0,0.0,0.0,46.3,79434.0,100000.0,380000.0,20000.0,0.0,0.0,0.0,0.0,400000.0,300000.0,0.0,12.0,122170.0,528.0
22,5th,5080,High School,59.57%,100000.0,2170000.0,80000.0,100000.0,100000.0,100000.0,100000.0,0.0,200000.0,0.0,29.5,467538.0,0.0,40000.0,20000.0,100000.0,0.0,0.0,0.0,100000.0,100000.0,0.0,3.6,6688.0,479.0
23,5th,2650,High School,32.05%,100000.0,2440000.0,280000.0,250000.0,100000.0,600000.0,100000.0,0.0,0.0,0.0,38.6,13273.0,0.0,50000.0,20000.0,60000.0,0.0,0.0,0.0,0.0,0.0,0.0,1.3,14754.0,500.0
24,8th,6440,K‐8 School,64.13%,100000.0,2130000.0,280000.0,100000.0,200000.0,600000.0,100000.0,0.0,400000.0,0.0,39.1,44289.0,0.0,400000.0,20000.0,0.0,0.0,0.0,0.0,200000.0,0.0,0.0,6.2,9526.0,412.0
25,8th,6010,High School,41.79%,400000.0,9950000.0,80000.0,520000.0,200000.0,200000.0,200000.0,0.0,200000.0,0.0,117.5,161249.0,0.0,350000.0,20000.0,20000.0,0.0,0.0,0.0,0.0,0.0,0.0,3.9,12857.0,2379.0
26,7th,7310,Elementary School,80.32%,200000.0,3470000.0000000005,480000.0,170000.0,100000.0,1100000.0,100000.0,0.0,800000.0,0.0,64.2,62394.0,0.0,400000.0,20000.0,150000.0,0.0,0.0,0.0,500000.0,0.0,100000.0,11.7,95750.0,755.0
27,5th,4030,Middle Secondary,42.81%,100000.0,4260000.0,180000.0,150000.0,100000.0,200000.0,100000.0,0.0,300000.0,40000.0,54.3,205013.0,0.0,0.0,20000.0,150000.0,0.0,0.0,0.0,0.0,0.0,0.0,1.7,4449.0,889.0
28,6th,8250,Elementary School,74.75%,300000.0,4480000.0,780000.0,310000.0,120000.0,600000.0,200000.0,0.0,300000.0,0.0,70.9,58540.0,0.0,720000.0,20000.0,10000.0,0.0,0.0,0.0,700000.0,500000.0,100000.0,20.5,74666.0,1229.0
29,3rd,1490,K‐8 School,84.11%,100000.0,2460000.0,280000.0,300000.0,100000.0,400000.0,100000.0,180000.0,0.0,100000.0,40.1,145689.0,100000.0,260000.0,20000.0,0.0,0.0,0.0,0.0,320000.0,500000.0,0.0,12.1,229246.0,450.0
30,7th,5680,K‐8 School,86.46%,200000.0,3220000.0000000005,680000.0,200000.0,100000.0,1300000.0,100000.0,100000.0,20000.0,100000.0,60.2,47514.0,100000.0,490000.00000000006,20000.0,200000.0,0.0,0.0,0.0,200000.0,280000.0,0.0,12.9,307934.0,612.0
31,5th,4460,K‐8 School,87.35%,120000.0,2610000.0,380000.0,100000.0,100000.0,0.0,100000.0,100000.0,100000.0,0.0,36.1,109784.0,80000.0,590000.0,20000.0,200000.0,0.0,0.0,0.0,100000.0,300000.0,100000.0,13.9,191371.0,691.0
32,7th,5330,K‐8 School,84.13%,100000.0,2350000.0,680000.0,140000.0,200000.0,1700000.0,100000.0,200000.0,470000.0,0.0,59.4,62119.0,0.0,540000.0,20000.0,120000.0,0.0,0.0,0.0,200000.0,130000.0,90000.0,11.1,56736.0,552.0
33,4th,6320,K‐8 School,71.70%,100000.0,1630000.0,280000.0,100000.0,100000.0,400000.0,100000.0,0.0,200000.0,0.0,29.1,59647.0,0.0,290000.0,20000.0,0.0,0.0,0.0,0.0,0.0,0.0,0.0,3.2,3079.0,318.0
34,2nd,2480,K‐8 School,60.69%,100000.0,1250000.0,580000.0,100000.0,200000.0,800000.0,100000.0,0.0,200000.0,0.0,33.2,22889.0,0.0,380000.0,20000.0,0.0,0.0,0.0,0.0,0.0,100000.0,0.0,5.0,17769.0,261.0
35,6th,7470,K‐8 School,61.93%,200000.0,3470000.0000000005,900000.0,60000.0,110000.00000000001,700000.0,200000.0,0.0,100000.0,0.0,57.4,81142.0,0.0,400000.0,0.0,40000.0,0.0,0.0,0.0,0.0,600000.0,0.0,10.4,54039.0,817.0
36,10th,8160,Middle School,49.90%,400000.0,7050000.0,1680000.0,110000.00000000001,140000.0,3300000.0,200000.0,0.0,800000.0,0.0,136.8,268934.0,0.0,50000.0,120000.0,270000.0,0.0,0.0,0.0,100000.0,0.0,0.0,5.5,18067.0,1440.0
37,3rd,4300,K‐8 School,85.74%,100000.0,3030000.0,580000.0,300000.0,200000.0,900000.0,100000.0,100000.0,700000.0,0.0,60.1,67339.0,100000.0,200000.0,20000.0,0.0,0.0,0.0,0.0,300000.0,0.0,100000.0,7.2,238307.0,544.0
38,9th,7270,K‐8 School,72.94%,100000.0,3300000.0,380000.0,120000.0,100000.0,600000.0,100000.0,800000.0,0.0,0.0,55.0,131381.0,0.0,740000.0,120000.0,20000.0,0.0,0.0,0.0,200000.0,600000.0,100000.0,17.8,87828.0,746.0
39,4th,6090,High School,71.67%,100000.0,2560000.0,280000.0,100000.0,100000.0,0.0,0.0,0.0,220000.00000000003,100000.0,34.6,93287.0,0.0,360000.0,20000.0,0.0,0.0,0.0,0.0,0.0,180000.0,0.0,5.6,120495.0,491.0
40,8th,7390,K‐8 School,83.10%,200000.0,2990000.0,580000.0,240000.0,100000.0,800000.0,100000.0,100000.0,50000.0,0.0,51.5,72844.0,0.0,700000.0,20000.0,20000.0,0.0,0.0,0.0,300000.0,850000.0,0.0,19.0,10416.0,699.0
41,5th,5250,K‐8 School,82.80%,100000.0,1610000.0000000002,380000.0,200000.0,100000.0,900000.0,100000.0,0.0,200000.0,100000.0,36.9,46954.0,100000.0,520000.0,20000.0,0.0,0.0,0.0,0.0,200000.0,0.0,0.0,8.4,175922.0,279.0
42,3rd,1410,K‐8 School,86.92%,100000.0,2540000.0,380000.0,40000.0,100000.0,400000.0,100000.0,0.0,0.0,0.0,36.6,80794.0,100000.0,400000.0,20000.0,60000.0,0.0,0.0,0.0,300000.0,700000.0,100000.0,16.8,55944.0,555.0
43,3rd,1300,K‐8 School,81.20%,100000.0,2000000.0,680000.0,40000.0,100000.0,1000000.0,100000.0,400000.0,400000.0,20000.0,48.4,161756.0,0.0,400000.0,20000.0,60000.0,0.0,0.0,0.0,0.0,0.0,80000.0,5.6,7175.0,497.0
44,10th,8420,K‐8 School,46.87%,200000.0,4120000.0000000005,1080000.0,200000.0,140000.0,3000000.0,100000.0,100000.0,400000.0,0.0,93.4,80159.0,0.0,520000.0,120000.0,100000.0,0.0,0.0,0.0,400000.0,500000.0,0.0,16.4,21523.0,1040.0
45,8th,7130,Middle School,75.35%,100000.0,2350000.0,480000.0,20000.0,100000.0,1100000.0,100000.0,0.0,500000.0,0.0,47.5,127988.0,0.0,300000.0,20000.0,180000.0,0.0,0.0,0.0,0.0,0.0,0.0,5.0,21119.0,521.0
46,1st,2590,K‐8 School,65.14%,100000.0,1739999.9999999998,780000.0,120000.0,100000.0,2000000.0,100000.0,0.0,400000.0,0.0,53.4,63604.0,0.0,500000.0,120000.0,20000.0,0.0,0.0,0.0,0.0,0.0,0.0,6.4,42907.0,374.0
47,2nd,2470,K‐8 School,17.07%,100000.0,2640000.0,480000.0,100000.0,100000.0,1700000.0,100000.0,240000.0,400000.0,0.0,58.6,48959.0,0.0,520000.0,20000.0,0.0,0.0,0.0,0.0,260000.0,0.0,0.0,8.0,32520.0,623.0
48,2nd,2020,High School,40.49%,100000.0,3210000.0,380000.0,100000.0,100000.0,600000.0,200000.0,0.0,400000.0,0.0,50.9,157478.0,0.0,100000.0,20000.0,100000.0,0.0,0.0,0.0,0.0,0.0,0.0,2.2,74009.0,707.0
49,8th,6230,K‐8 School,72.15%,100000.0,1160000.0,80000.0,100000.0,100000.0,900000.0,100000.0,100000.0,120000.0,0.0,27.6,26649.0,0.0,280000.0,20000.0,0.0,0.0,0.0,0.0,0.0,80000.0,0.0,3.8,9074.0,240.0
50,5th,5340,K‐8 School,80.76%,100000.0,1620000.0,780000.0,40000.0,200000.0,1100000.0,100000.0,100000.0,0.0,0.0,40.4,144139.0,0.0,320000.0,20000.0,60000.0,0.0,100000.0,0.0,400000.0,400000.0,0.0,13.0,31673.0,320.0
51,2nd,2620,High School,55.90%,100000.0,4010000.0,180000.0,120000.0,100000.0,600000.0,100000.0,0.0,400000.0,90000.0,57.0,173485.0,0.0,50000.0,20000.0,100000.0,0.0,0.0,0.0,200000.0,0.0,40000.0,4.0,4854.0,921.0
52,9th,7280,K‐8 School,75.99%,200000.0,4090000.0,580000.0,240000.0,120000.0,500000.0,100000.0,200000.0,430000.0,0.0,64.5,131719.0,0.0,620000.0,20000.0,120000.0,0.0,0.0,0.0,1400000.0,780000.0,100000.0,30.4,117435.0,993.0
53,8th,6060,High School,73.69%,300000.0,2900000.0,1680000.0,330000.0,110000.00000000001,2000000.0,100000.0,0.0,300000.0,100000.0,78.2,131907.0,100000.0,459999.99999999994,20000.0,270000.0,0.0,0.0,0.0,0.0,200000.0,100000.0,11.5,316556.0,682.0
54,5th,2390,K‐8 School,85.62%,100000.0,1600000.0,280000.0,0.0,100000.0,600000.0,100000.0,320000.0,300000.0,0.0,34.0,94859.0,0.0,120000.0,20000.0,100000.0,0.0,0.0,0.0,280000.0,0.0,0.0,5.2,8460.0,302.0
55,7th,7730,Middle School,87.75%,100000.0,2250000.0,580000.0,350000.0,50000.0,500000.0,200000.0,0.0,200000.0,20000.0,42.5,126845.0,100000.0,260000.0,20000.0,229999.99999999997,0.0,0.0,0.0,200000.0,200000.0,0.0,10.2,185928.0,444.0
56,4th,4020,High School,73.53%,200000.0,2420000.0,880000.0000000001,0.0,100000.0,700000.0,100000.0,100000.0,200000.0,0.0,47.0,76902.0,0.0,500000.0,20000.0,100000.0,0.0,0.0,0.0,0.0,300000.0,200000.0,11.2,33952.0,581.0
57,6th,8240,K‐8 School,75.58%,200000.0,3720000.0000000005,380000.0,110000.00000000001,100000.0,200000.0,100000.0,400000.0,0.0,100000.0,53.1,32864.0,0.0,500000.0,20000.0,10000.0,0.0,0.0,0.0,100000.0,400000.0,0.0,10.3,106942.0,904.0
58,5th,4470,Elementary School,86.68%,100000.0,1450000.0,680000.0,10000.0,200000.0,1600000.0,100000.0,250000.0,0.0,0.0,43.9,168329.0,0.0,409999.99999999994,120000.0,190000.0,0.0,0.0,0.0,160000.0,300000.0,100000.0,12.8,35429.0,353.0
59,2nd,1130,Middle School,78.27%,100000.0,1930000.0,580000.0,0.0,100000.0,500000.0,100000.0,300000.0,100000.0,20000.0,37.3,90888.0,0.0,140000.0,20000.0,100000.0,0.0,0.0,0.0,300000.0,100000.0,80000.0,7.4,20465.0,380.0
60,5th,5320,K‐8 School,87.52%,100000.0,2870000.0,800000.0,0.0,100000.0,1400000.0,100000.0,0.0,90000.0,200000.0,56.6,167959.0,0.0,459999.99999999994,0.0,100000.0,0.0,0.0,0.0,0.0,520000.0,100000.0,11.7,18825.0,516.0
61,1st,2640,K‐8 School,74.56%,200000.0,4170000.0000000005,480000.0,320000.0,100000.0,700000.0,100000.0,100000.0,700000.0,0.0,68.6,91949.0,0.0,520000.0,20000.0,140000.0,0.0,0.0,0.0,400000.0,0.0,100000.0,11.9,239496.0,794.0
62,4th,6450,K‐8 School,53.16%,100000.0,1200000.0,680000.0,100000.0,100000.0,1300000.0,100000.0,0.0,300000.0,0.0,38.8,24274.0,0.0,320000.0,20000.0,0.0,0.0,0.0,0.0,200000.0,0.0,0.0,5.4,18261.0,270.0
63,5th,2210,K‐8 School,61.17%,200000.0,2440000.0,1580000.0,409999.99999999994,229999.99999999997,2700000.0,100000.0,0.0,400000.0,0.0,80.6,210839.0,0.0,340000.0,20000.0,210000.0,0.0,0.0,0.0,300000.0,100000.0,0.0,9.7,61088.0,464.0
64,7th,7300,K‐8 School,80.40%,140000.0,4120000.0000000005,780000.0,160000.0,120000.0,600000.0,100000.0,400000.0,900000.0,0.0,73.2,142484.0,60000.0,800000.0,20000.0,240000.0,0.0,0.0,0.0,400000.0,0.0,100000.0,16.2,3825.0,915.0
65,7th,5520,High School,78.32%,200000.0,2370000.0,780000.0,170000.0,100000.0,1300000.0,100000.0,0.0,200000.0,100000.0,53.2,58718.0,0.0,370000.0,20000.0,150000.0,0.0,0.0,0.0,0.0,0.0,0.0,5.4,8167.0,516.0
66,7th,5170,K‐8 School,83.65%,200000.0,4100000.0,1080000.0,20000.0,310000.0,2200000.0,100000.0,140000.0,0.0,0.0,81.4,85230.0,0.0,500000.0,20000.0,80000.0,0.0,0.0,0.0,459999.99999999994,1100000.0,0.0,21.7,23550.0,903.0
67,3rd,1360,K‐8 School,83.60%,100000.0,1930000.0,580000.0,300000.0,200000.0,1100000.0,100000.0,400000.0,200000.0,0.0,49.0,90594.0,100000.0,580000.0,20000.0,0.0,0.0,0.0,0.0,0.0,300000.0,100000.0,11.0,244199.0,388.0
68,6th,8010,High School,67.78%,360000.0,7370000.0,2580000.0,930000.0000000001,140000.0,2900000.0,300000.0,0.0,400000.0,0.0,149.8,235439.0,40000.0,1500000.0,20000.0,409999.99999999994,0.0,0.0,0.0,200000.0,400000.0,100000.0,26.7,39849.0,1672.0
69,3rd,1280,K‐8 School,27.57%,100000.0,2600000.0,80000.0,100000.0,100000.0,600000.0,0.0,0.0,400000.0,0.0,39.8,47659.0,0.0,910000.0,220000.00000000003,0.0,0.0,0.0,100000.0,100000.0,0.0,0.0,13.3,1264443.0,578.0
70,3rd,5090,High School,66.78%,100000.0,1240000.0,280000.0,100000.0,50000.0,400000.0,100000.0,0.0,30000.0,0.0,23.0,88418.0,0.0,160000.0,20000.0,0.0,0.0,0.0,0.0,0.0,170000.0,0.0,3.5,1942.0,315.0
71,5th,4270,K‐8 School,88.75%,100000.0,2100000.0,500000.0,0.0,100000.0,200000.0,100000.0,0.0,0.0,0.0,31.0,145639.0,0.0,600000.0,0.0,200000.0,0.0,0.0,0.0,600000.0,600000.0,0.0,20.0,65152.0,529.0
72,10th,8440,Elementary School,59.82%,200000.0,3679999.9999999995,1100000.0,100000.0,300000.0,1800000.0,200000.0,100000.0,150000.0,0.0,76.2,106309.0,0.0,720000.0,0.0,160000.0,0.0,0.0,0.0,100000.0,450000.0,0.0,14.4,6407.0,859.0
73,7th,7150,K‐8 School,78.88%,200000.0,4760000.0,580000.0,180000.0,110000.00000000001,300000.0,200000.0,0.0,560000.0,100000.0,69.9,132439.0,0.0,880000.0000000001,20000.0,160000.0,0.0,0.0,0.0,400000.0,240000.0,0.0,17.0,42636.0,1114.0
74,7th,7500,Middle School,76.42%,100000.0,2910000.0,680000.0,60000.0,100000.0,900000.0,100000.0,0.0,0.0,0.0,48.5,148048.0,0.0,220000.00000000003,120000.0,140000.0,0.0,0.0,0.0,100000.0,400000.0,0.0,9.8,139140.0,577.0
75,2nd,2410,Middle Secondary,32.07%,100000.0,2860000.0,180000.0,150000.0,100000.0,0.0,100000.0,0.0,400000.0,40000.0,39.3,36208.0,0.0,50000.0,20000.0,0.0,0.0,0.0,0.0,0.0,0.0,0.0,0.7,88218.0,617.0
76,8th,6250,K‐8 School,46.15%,100000.0,2170000.0,580000.0,100000.0,100000.0,1600000.0,100000.0,0.0,500000.0,0.0,52.5,67959.0,0.0,400000.0,20000.0,0.0,0.0,0.0,0.0,0.0,0.0,0.0,4.2,31894.0,482.0
77,4th,6540,High School,49.10%,100000.0,1510000.0,280000.0,100000.0,100000.0,400000.0,100000.0,0.0,0.0,0.0,25.9,100393.0,0.0,0.0,20000.0,0.0,0.0,0.0,0.0,0.0,300000.0,0.0,3.2,50802.0,344.0
78,3rd,1020,High School,77.59%,200000.0,2390000.0,1180000.0,200000.0,100000.0,1700000.0,100000.0,0.0,200000.0,0.0,60.7,57208.0,100000.0,430000.0,20000.0,0.0,0.0,0.0,0.0,0.0,300000.0,0.0,8.5,168813.0,474.0
79,7th,5230,Middle School,72.84%,100000.0,1970000.0,80000.0,100000.0,100000.0,400000.0,100000.0,100000.0,200000.0,20000.0,31.6,33648.0,0.0,70000.0,120000.0,0.0,0.0,0.0,0.0,100000.0,0.0,80000.0,3.8,4057.0,409.0
80,4th,4480,K‐8 School,57.35%,100000.0,1340000.0,980000.0000000001,100000.0,100000.0,1600000.0,100000.0,0.0,0.0,0.0,43.1,73606.0,0.0,280000.0,20000.0,0.0,0.0,0.0,0.0,0.0,0.0,0.0,3.1,2594.0,263.0
81,7th,5660,High School,79.92%,100000.0,1400000.0,180000.0,100000.0,50000.0,0.0,100000.0,0.0,0.0,0.0,19.3,34383.0,0.0,0.0,20000.0,200000.0,0.0,0.0,0.0,0.0,0.0,0.0,2.2,5818.0,271.0
82,3rd,1470,K‐8 School,86.80%,100000.0,2039999.9999999998,580000.0,120000.0,100000.0,1000000.0,100000.0,0.0,300000.0,0.0,43.4,72424.0,100000.0,780000.0,20000.0,20000.0,0.0,0.0,0.0,400000.0,0.0,100000.0,14.2,75325.0,450.0
83,5th,4560,K‐8 School,87.31%,100000.0,1660000.0000000002,280000.0,100000.0,100000.0,900000.0,100000.0,0.0,0.0,0.0,32.4,99709.0,0.0,420000.0,20000.0,100000.0,0.0,0.0,0.0,500000.0,100000.0,0.0,11.4,147053.0,377.0
84,7th,8350,K‐8 School,75.09%,200000.0,5950000.0,980000.0000000001,450000.0,360000.0,1700000.0,200000.0,0.0,400000.0,100000.0,103.4,103015.0,0.0,680000.0,20000.0,370000.0,0.0,0.0,0.0,1000000.0,300000.0,0.0,23.7,61496.0,1413.0
85,8th,6340,Elementary School,85.84%,100000.0,1590000.0,180000.0,100000.0,100000.0,200000.0,100000.0,0.0,200000.0,0.0,25.7,75599.0,0.0,720000.0,20000.0,10000.0,0.0,0.0,0.0,400000.0,400000.0,90000.0,16.4,13041.0,438.0
86,3rd,1390,Elementary School,62.01%,100000.0,1040000.0,280000.0,120000.0,100000.0,0.0,100000.0,0.0,300000.0,0.0,20.4,37101.0,0.0,380000.0,20000.0,0.0,0.0,0.0,0.0,400000.0,0.0,80000.0,8.8,29503.0,269.0
87,8th,4360,K‐8 School,88.51%,200000.0,2089999.9999999998,800000.0,300000.0,100000.0,1100000.0,100000.0,100000.0,500000.0,100000.0,53.9,152854.0,0.0,680000.0,0.0,0.0,0.0,0.0,0.0,0.0,0.0,0.0,6.8,4487.0,458.0
88,1st,5060,High School,80.63%,200000.0,3800000.0,480000.0,110000.00000000001,100000.0,0.0,100000.0,0.0,0.0,100000.0,48.9,113373.0,0.0,700000.0,20000.0,70000.0,0.0,0.0,0.0,0.0,400000.0,0.0,11.9,70396.0,791.0
89,4th,4280,Elementary School,68.17%,100000.0,1710000.0000000002,580000.0,40000.0,100000.0,1300000.0,100000.0,200000.0,800000.0,0.0,49.2,66564.0,0.0,620000.0,20000.0,70000.0,0.0,0.0,0.0,500000.0,0.0,0.0,12.1,27778.0,339.0
90,6th,5430,Middle School,75.06%,100000.0,2120000.0,380000.0,0.0,100000.0,300000.0,100000.0,0.0,600000.0,0.0,36.9,84974.0,0.0,10000.0,20000.0,100000.0,0.0,0.0,0.0,0.0,100000.0,0.0,2.4,11697.0,444.0
91,1st,2630,K‐8 School,76.75%,100000.0,2310000.0,1080000.0,50000.0,200000.0,1700000.0,100000.0,100000.0,100000.0,0.0,57.4,101359.0,0.0,509999.99999999994,20000.0,70000.0,0.0,0.0,0.0,0.0,400000.0,0.0,10.0,36893.0,546.0
92,7th,7290,K‐8 School,84.89%,100000.0,2330000.0,580000.0,20000.0,100000.0,400000.0,100000.0,0.0,400000.0,0.0,40.3,69879.0,0.0,680000.0,20000.0,120000.0,0.0,100000.0,0.0,1000000.0,0.0,0.0,19.2,77292.0,524.0
93,2nd,2260,K‐8 School,80.86%,100000.0,2420000.0,880000.0000000001,180000.0,200000.0,1200000.0,100000.0,0.0,500000.0,0.0,55.8,35607.0,0.0,420000.0,20000.0,30000.0,0.0,0.0,0.0,0.0,0.0,70000.0,5.4,7137.0,525.0
94,1st,2380,K‐8 School,15.13%,100000.0,2510000.0,280000.0,100000.0,100000.0,500000.0,100000.0,150000.0,500000.0,0.0,43.4,49311.0,0.0,459999.99999999994,120000.0,0.0,0.0,0.0,0.0,250000.0,0.0,0.0,8.3,29083.0,576.0
95,9th,7370,Middle School,74.31%,100000.0,2630000.0,780000.0,220000.00000000003,100000.0,1600000.0,100000.0,0.0,0.0,100000.0,56.3,61778.0,0.0,250000.0,20000.0,20000.0,0.0,0.0,0.0,500000.0,300000.0,0.0,10.9,121649.0,547.0
96,10th,8230,Elementary School,64.49%,100000.0,1550000.0,180000.0,100000.0,100000.0,500000.0,100000.0,100000.0,0.0,0.0,27.3,18769.0,0.0,240000.0,20000.0,0.0,0.0,0.0,0.0,0.0,500000.0,0.0,7.6,10716.0,360.0
97,1st,5700,High School,83.01%,200000.0,3130000.0,980000.0000000001,100000.0,100000.0,1100000.0,200000.0,0.0,200000.0,0.0,60.0,188403.0,100000.0,509999.99999999994,20000.0,200000.0,0.0,0.0,0.0,0.0,300000.0,100000.0,12.3,38603.0,589.0
98,7th,5350,K‐8 School,85.71%,100000.0,2210000.0,580000.0,120000.0,100000.0,1300000.0,100000.0,200000.0,300000.0,0.0,50.1,43039.0,0.0,480000.0,20000.0,20000.0,0.0,0.0,0.0,300000.0,300000.0,0.0,11.2,157927.0,455.0
99,9th,7120,High School,68.40%,300000.0,4570000.0,1280000.0,250000.0,120000.0,1200000.0,200000.0,0.0,0.0,0.0,79.2,186786.0,0.0,490000.00000000006,20000.0,229999.99999999997,0.0,0.0,0.0,0.0,900000.0,0.0,16.5,55763.0,979.0
100,1st,2580,K‐8 School,75.45%,100000.0,2760000.0,580000.0,210000.0,100000.0,900000.0,100000.0,0.0,200000.0,0.0,49.5,98719.0,0.0,360000.0,20000.0,70000.0,0.0,0.0,0.0,100000.0,200000.0,0.0,7.6,14362.0,550.0
101,8th,7490,Elementary School,77.70%,100000.0,2039999.9999999998,680000.0,100000.0,100000.0,1800000.0,100000.0,300000.0,700000.0,0.0,59.2,43654.0,0.0,580000.0,120000.0,100000.0,0.0,0.0,0.0,1200000.0,0.0,100000.0,21.0,43078.0,540.0
102,8th,6220,Elementary School,81.47%,100000.0,1540000.0,480000.0,60000.0,200000.0,1000000.0,100000.0,0.0,300000.0,0.0,37.8,100964.0,0.0,580000.0,20000.0,40000.0,0.0,0.0,0.0,400000.0,100000.0,0.0,11.4,30269.0,395.0
103,1st,5550,High School,82.81%,200000.0,2020000.0,580000.0,100000.0,100000.0,500000.0,100000.0,0.0,100000.0,0.0,37.0,144580.0,0.0,140000.0,20000.0,240000.0,0.0,0.0,0.0,0.0,300000.0,100000.0,8.1,162497.0,424.0
104,10th,8430,K‐8 School,26.69%,200000.0,3220000.0000000005,880000.0000000001,110000.00000000001,100000.0,1700000.0,100000.0,200000.0,600000.0,0.0,71.1,74499.0,0.0,520000.0,120000.0,10000.0,0.0,0.0,0.0,100000.0,100000.0,0.0,8.5,61200.0,793.0
105,3rd,1050,High School,69.26%,100000.0,1340000.0,180000.0,10000.0,100000.0,0.0,100000.0,100000.0,200000.0,0.0,21.2,87858.0,0.0,180000.0,20000.0,100000.0,0.0,0.0,0.0,0.0,0.0,0.0,3.0,12355.0,307.0
106,9th,5610,High School,77.85%,100000.0,2120000.0,280000.0,0.0,100000.0,0.0,100000.0,0.0,200000.0,0.0,29.0,52163.0,0.0,0.0,20000.0,100000.0,0.0,0.0,0.0,0.0,100000.0,100000.0,3.2,8720.0,385.0
107,2nd,1400,Elementary School,80.91%,100000.0,2190000.0,280000.0,100000.0,200000.0,200000.0,100000.0,300000.0,200000.0,0.0,36.7,65069.0,0.0,1100000.0,20000.0,0.0,0.0,0.0,0.0,200000.0,300000.0,0.0,16.2,34257.0,585.0
108,10th,8770,K‐8 School,49.06%,229999.99999999997,3210000.0,1780000.0,1300000.0,260000.0,2600000.0,200000.0,0.0,600000.0,0.0,101.8,105969.0,70000.0,420000.0,20000.0,0.0,0.0,0.0,0.0,0.0,0.0,0.0,5.1,18924.0,744.0
109,5th,4140,High School,81.82%,200000.0,1200000.0,680000.0,200000.0,100000.0,1300000.0,100000.0,0.0,300000.0,100000.0,41.8,99105.0,100000.0,220000.00000000003,20000.0,80000.0,0.0,0.0,0.0,0.0,300000.0,20000.0,7.4,133241.0,303.0
110,5th,2290,High School,61.38%,200000.0,4820000.0,180000.0,100000.0,100000.0,200000.0,100000.0,0.0,0.0,0.0,57.0,245128.0,0.0,50000.0,20000.0,240000.0,0.0,0.0,0.0,0.0,600000.0,0.0,9.1,13512.0,889.0
111,9th,7260,Elementary School,71.78%,100000.0,1300000.0,180000.0,100000.0,100000.0,0.0,100000.0,100000.0,0.0,0.0,19.8,54179.0,0.0,340000.0,20000.0,0.0,0.0,100000.0,0.0,0.0,500000.0,0.0,9.6,30389.0,286.0
112,7th,7380,Elementary School,85.53%,200000.0,2830000.0,180000.0,140000.0,100000.0,200000.0,100000.0,0.0,500000.0,0.0,42.4,101539.0,0.0,680000.0,20000.0,20000.0,0.0,0.0,0.0,1100000.0,500000.0,0.0,23.3,201972.0,621.0
113,2nd,2370,K‐8 School,86.23%,300000.0,2480000.0,280000.0,0.0,200000.0,600000.0,200000.0,0.0,100000.0,100000.0,42.6,202644.0,0.0,340000.0,20000.0,200000.0,0.0,0.0,0.0,400000.0,900000.0,100000.0,19.6,87476.0,452.0
114,1st,2720,K‐8 School,72.92%,100000.0,2140000.0,780000.0,120000.0,100000.0,1300000.0,100000.0,200000.0,400000.0,0.0,52.4,110184.0,0.0,200000.0,20000.0,20000.0,0.0,0.0,0.0,200000.0,0.0,100000.0,5.4,6972.0,367.0
115,10th,8090,High School,54.97%,100000.0,3320000.0000000005,900000.0,70000.0,100000.0,600000.0,100000.0,0.0,0.0,0.0,51.9,94165.0,0.0,509999.99999999994,0.0,50000.0,0.0,300000.0,0.0,0.0,300000.0,0.0,11.6,57069.0,647.0
116,4th,1200,K‐8 School,87.27%,100000.0,3110000.0,580000.0,280000.0,100000.0,1000000.0,100000.0,0.0,890000.0,100000.0,62.6,129443.0,100000.0,700000.0,20000.0,0.0,0.0,0.0,0.0,600000.0,220000.00000000003,120000.0,17.6,397734.0,652.0
117,7th,5440,Elementary School,88.57%,100000.0,2900000.0,480000.0,250000.0,100000.0,1200000.0,100000.0,0.0,560000.0,0.0,56.9,28234.0,0.0,880000.0000000001,20000.0,130000.0,0.0,0.0,0.0,0.0,40000.0,0.0,10.8,11437.0,738.0
118,5th,2490,K‐8 School,84.12%,100000.0,1480000.0,480000.0,70000.0,100000.0,600000.0,100000.0,0.0,300000.0,100000.0,33.2,97509.0,0.0,580000.0,120000.0,40000.0,0.0,0.0,0.0,100000.0,0.0,0.0,8.4,19807.0,292.0
119,7th,7460,K‐8 School,75.22%,100000.0,2480000.0,780000.0,110000.00000000001,100000.0,1100000.0,100000.0,200000.0,400000.0,0.0,53.7,70844.0,0.0,340000.0,20000.0,110000.00000000001,0.0,0.0,0.0,400000.0,200000.0,0.0,10.7,25486.0,546.0
120,6th,8200,K‐8 School,78.27%,229999.99999999997,4200000.0,680000.0,160000.0,120000.0,700000.0,100000.0,200000.0,500000.0,0.0,68.9,148919.0,70000.0,520000.0,20000.0,40000.0,0.0,0.0,0.0,400000.0,0.0,100000.0,11.5,25033.0,980.0
121,5th,4060,High School,82.88%,100000.0,3040000.0,480000.0,100000.0,100000.0,200000.0,100000.0,0.0,200000.0,110000.00000000001,44.3,56641.0,0.0,480000.0,20000.0,0.0,0.0,0.0,0.0,0.0,0.0,70000.0,5.7,26913.0,613.0
122,4th,6410,K‐8 School,48.20%,100000.0,1950000.0,680000.0,100000.0,100000.0,1400000.0,100000.0,20000.0,200000.0,0.0,46.5,52054.0,0.0,390000.0,20000.0,0.0,0.0,0.0,0.0,80000.0,0.0,0.0,4.9,7270.0,466.0
123,4th,6040,High School,57.14%,100000.0,2560000.0,280000.0,100000.0,100000.0,300000.0,100000.0,30000.0,200000.0,300000.0,40.6,206023.0,0.0,140000.0,20000.0,0.0,0.0,0.0,0.0,170000.0,300000.0,0.0,6.4,3426.0,505.0
124,7th,7360,Elementary School,84.69%,100000.0,2290000.0,680000.0,300000.0,200000.0,1600000.0,100000.0,0.0,350000.0,0.0,56.1,201374.0,100000.0,260000.0,20000.0,0.0,0.0,0.0,0.0,0.0,360000.0,100000.0,8.4,175547.0,393.0
125,5th,5560,K‐8 School,84.09%,100000.0,1360000.0,80000.0,10000.0,100000.0,0.0,100000.0,0.0,100000.0,20000.0,18.7,143617.0,0.0,370000.0,20000.0,110000.00000000001,0.0,0.0,0.0,200000.0,200000.0,0.0,9.0,12198.0,264.0
126,10th,8400,Elementary School,53.67%,300000.0,5060000.0,500000.0,210000.0,140000.0,300000.0,200000.0,200000.0,900000.0,0.0,78.1,157235.0,0.0,1120000.0,0.0,70000.0,0.0,0.0,0.0,0.0,300000.0,0.0,14.9,21896.0,1326.0
127,5th,5480,K‐8 School,82.40%,100000.0,1660000.0000000002,480000.0,100000.0,100000.0,1000000.0,100000.0,0.0,310000.0,0.0,38.5,34102.0,0.0,260000.0,20000.0,0.0,0.0,0.0,0.0,100000.0,90000.0,100000.0,5.7,4588.0,332.0
128,7th,7110,Middle School,80.96%,300000.0,3779999.9999999995,1180000.0,120000.0,100000.0,1600000.0,100000.0,100000.0,900000.0,0.0,81.8,292477.0,0.0,340000.0,20000.0,20000.0,0.0,0.0,0.0,0.0,300000.0,100000.0,7.8,180845.0,771.0
129,2nd,2450,K‐8 School,78.76%,100000.0,1190000.0,280000.0,80000.0,200000.0,500000.0,100000.0,0.0,300000.0,0.0,27.5,52556.0,0.0,420000.0,20000.0,20000.0,0.0,0.0,0.0,0.0,0.0,0.0,4.6,11069.0,257.0
130,9th,6210,K‐8 School,63.97%,100000.0,2540000.0,480000.0,0.0,100000.0,700000.0,100000.0,0.0,400000.0,100000.0,45.2,51909.0,0.0,300000.0,20000.0,100000.0,0.0,0.0,0.0,0.0,400000.0,0.0,8.2,30505.0,603.0
131,1st,2000,High School,70.72%,200000.0,2920000.0,1480000.0,190000.0,100000.0,2000000.0,100000.0,0.0,0.0,20000.0,70.1,31862.0,100000.0,620000.0,120000.0,170000.0,0.0,0.0,0.0,0.0,300000.0,100000.0,14.1,77985.0,572.0
132,1st,2340,K‐8 School,44.20%,100000.0,3520000.0000000005,380000.0,200000.0,100000.0,800000.0,100000.0,0.0,500000.0,0.0,56.9,115479.0,0.0,459999.99999999994,20000.0,60000.0,0.0,100000.0,0.0,0.0,0.0,0.0,6.5,18607.0,734.0
133,5th,5620,High School,75.46%,100000.0,1400000.0,280000.0,10000.0,100000.0,0.0,100000.0,0.0,200000.0,100000.0,22.8,40234.0,0.0,0.0,20000.0,90000.0,0.0,0.0,0.0,0.0,0.0,0.0,1.2,2620.0,289.0
134,9th,8310,Elementary School,67.48%,200000.0,4820000.0,900000.0,180000.0,120000.0,900000.0,200000.0,200000.0,0.0,0.0,75.2,261995.0,0.0,819999.9999999999,0.0,160000.0,0.0,0.0,0.0,0.0,1200000.0,0.0,21.8,30359.0,1209.0
135,7th,5390,K‐8 School,86.13%,100000.0,3110000.0,380000.0,250000.0,100000.0,100000.0,100000.0,0.0,200000.0,0.0,43.4,63904.0,100000.0,770000.0,20000.0,30000.0,0.0,0.0,0.0,0.0,500000.0,0.0,14.3,246028.0,557.0
136,8th,6300,Elementary School,81.82%,100000.0,1460000.0,580000.0,100000.0,100000.0,900000.0,100000.0,0.0,0.0,0.0,33.4,52879.0,0.0,300000.0,20000.0,0.0,0.0,0.0,0.0,100000.0,300000.0,0.0,7.2,7714.0,329.0
137,1st,2540,Elementary School,81.55%,100000.0,2470000.0,180000.0,200000.0,100000.0,100000.0,100000.0,100000.0,170000.0,0.0,35.1,85697.0,0.0,600000.0,20000.0,60000.0,0.0,0.0,0.0,100000.0,229999.99999999997,0.0,10.2,77122.0,468.0
138,1st,5590,Elementary School,86.31%,200000.0,3140000.0,680000.0,260000.0,100000.0,1500000.0,100000.0,0.0,100000.0,20000.0,61.0,137759.0,0.0,1120000.0,20000.0,140000.0,0.0,0.0,0.0,400000.0,800000.0,0.0,24.8,87155.0,815.0
139,4th,4320,K‐8 School,68.75%,100000.0,2500000.0,880000.0000000001,60000.0,100000.0,1800000.0,100000.0,100000.0,300000.0,100000.0,60.4,80464.0,0.0,420000.0,20000.0,40000.0,0.0,0.0,0.0,0.0,100000.0,0.0,5.8,27338.0,605.0
140,6th,8140,Middle School,67.68%,100000.0,2910000.0,580000.0,100000.0,100000.0,200000.0,100000.0,0.0,700000.0,0.0,47.9,80428.0,100000.0,0.0,20000.0,0.0,0.0,0.0,0.0,0.0,0.0,0.0,1.2,49517.0,598.0
141,3rd,1230,K‐8 School,83.17%,100000.0,2110000.0,180000.0,200000.0,100000.0,300000.0,100000.0,0.0,200000.0,0.0,32.9,145994.0,100000.0,620000.0,20000.0,0.0,0.0,0.0,0.0,100000.0,500000.0,100000.0,14.4,175453.0,422.0
142,7th,5020,High School,80.49%,300000.0,5830000.0,2380000.0,409999.99999999994,160000.0,2100000.0,200000.0,200000.0,400000.0,120000.0,121.0,146573.0,100000.0,700000.0,20000.0,110000.00000000001,0.0,400000.0,0.0,0.0,300000.0,0.0,16.3,685437.0,1077.0
143,7th,5470,Elementary School,86.25%,100000.0,2190000.0,480000.0,100000.0,100000.0,500000.0,100000.0,0.0,500000.0,0.0,40.6,82227.0,0.0,420000.0,20000.0,80000.0,0.0,0.0,0.0,500000.0,0.0,100000.0,11.3,148503.0,503.0
144,9th,6460,Middle Secondary,52.80%,200000.0,3229999.9999999995,1800000.0,170000.0,120000.0,3000000.0,100000.0,0.0,0.0,0.0,86.2,152928.0,0.0,70000.0,100000.0,30000.0,0.0,0.0,0.0,0.0,300000.0,0.0,5.0,6040.0,640.0
145,1st,2670,High School,61.60%,100000.0,1620000.0,180000.0,100000.0,100000.0,400000.0,100000.0,0.0,100000.0,0.0,27.0,92028.0,0.0,80000.0,20000.0,0.0,0.0,0.0,0.0,0.0,0.0,0.0,1.0,76184.0,393.0
146,4th,6030,High School,66.61%,200000.0,2800000.0,1580000.0,150000.0,110000.00000000001,2100000.0,100000.0,0.0,0.0,0.0,70.4,72615.0,0.0,930000.0000000001,20000.0,150000.0,0.0,0.0,0.0,0.0,500000.0,0.0,16.0,48172.0,656.0
147,6th,7330,Elementary School,78.65%,100000.0,2970000.0,1080000.0,210000.0,200000.0,1500000.0,100000.0,0.0,900000.0,0.0,70.6,102685.0,100000.0,509999.99999999994,120000.0,110000.00000000001,0.0,0.0,0.0,500000.0,0.0,0.0,13.4,1724.0,780.0
148,6th,8270,Elementary School,70.15%,100000.0,2550000.0,780000.0,100000.0,100000.0,1900000.0,100000.0,200000.0,0.0,0.0,58.3,60584.0,0.0,520000.0,20000.0,0.0,0.0,0.0,0.0,700000.0,200000.0,0.0,14.4,62160.0,601.0
149,5th,4440,K‐8 School,86.67%,100000.0,2400000.0,280000.0,300000.0,100000.0,300000.0,100000.0,0.0,500000.0,0.0,40.8,96124.0,100000.0,520000.0,20000.0,0.0,0.0,0.0,0.0,500000.0,400000.0,0.0,15.4,239733.0,448.0
150,3rd,1100,High School,79.77%,100000.0,1720000.0,1180000.0,130000.0,100000.0,2000000.0,100000.0,0.0,100000.0,100000.0,55.2,124258.0,100000.0,480000.0,20000.0,80000.0,0.0,0.0,0.0,0.0,200000.0,0.0,8.8,123654.0,439.0
151,10th,8390,K‐8 School,53.69%,200000.0,3220000.0000000005,880000.0000000001,100000.0,100000.0,1300000.0,100000.0,500000.0,700000.0,0.0,71.0,132279.0,0.0,520000.0,20000.0,0.0,0.0,0.0,0.0,300000.0,0.0,0.0,8.4,11480.0,807.0
152,1st,2190,K‐8 School,77.35%,100000.0,2800000.0,380000.0,80000.0,100000.0,900000.0,100000.0,0.0,400000.0,0.0,48.6,196959.0,0.0,220000.00000000003,20000.0,160000.0,0.0,0.0,0.0,400000.0,300000.0,0.0,11.0,18473.0,577.0
153,4th,6380,K‐8 School,48.16%,100000.0,2220000.0,480000.0,300000.0,100000.0,2200000.0,100000.0,0.0,500000.0,0.0,60.0,67764.0,0.0,280000.0,120000.0,0.0,0.0,0.0,0.0,0.0,0.0,0.0,4.0,15414.0,497.0
154,9th,7530,Elementary School,77.47%,100000.0,1860000.0000000002,280000.0,100000.0,100000.0,500000.0,100000.0,0.0,400000.0,30000.0,34.7,41519.0,0.0,400000.0,20000.0,0.0,0.0,0.0,0.0,400000.0,0.0,70000.0,8.9,14111.0,474.0
155,8th,6260,K‐8 School,62.95%,100000.0,1810000.0000000002,1000000.0,40000.0,100000.0,900000.0,100000.0,100000.0,200000.0,0.0,43.5,54234.0,0.0,200000.0,0.0,160000.0,0.0,0.0,0.0,300000.0,200000.0,100000.0,9.6,15981.0,386.0
156,3rd,1350,K‐8 School,83.21%,100000.0,1889999.9999999998,380000.0,0.0,100000.0,800000.0,100000.0,0.0,0.0,0.0,33.7,226179.0,0.0,320000.0,120000.0,100000.0,0.0,0.0,0.0,600000.0,200000.0,0.0,13.4,44887.0,414.0
157,4th,4240,Elementary School,73.02%,100000.0,2060000.0000000002,580000.0,50000.0,100000.0,1100000.0,100000.0,100000.0,500000.0,0.0,46.9,108471.0,100000.0,200000.0,120000.0,50000.0,0.0,0.0,0.0,0.0,0.0,0.0,4.7,6007.0,419.0
158,10th,8020,High School,59.23%,500000.0,15100000.0,1980000.0,819999.9999999999,300000.0,1600000.0,400000.0,0.0,1700000.0,0.0,224.0,479464.0,200000.0,740000.0,20000.0,220000.00000000003,0.0,0.0,0.0,0.0,0.0,200000.0,13.8,114593.0,3370.0
159,7th,8470,Middle Secondary,86.96%,100000.0,1320000.0,500000.0,40000.0,30000.0,0.0,100000.0,300000.0,100000.0,100000.0,25.9,183612.0,0.0,0.0,0.0,70000.0,0.0,0.0,0.0,0.0,0.0,0.0,0.7,6237.0,85.0
160,5th,5200,K‐8 School,51.38%,100000.0,1620000.0,380000.0,100000.0,100000.0,100000.0,100000.0,0.0,100000.0,0.0,26.0,34599.0,0.0,400000.0,20000.0,0.0,0.0,0.0,0.0,0.0,0.0,0.0,4.2,15521.0,357.0
161,2nd,1010,High School,73.48%,100000.0,2700000.0,1180000.0,100000.0,100000.0,1400000.0,100000.0,0.0,0.0,240000.0,59.2,317949.0,200000.0,420000.0,20000.0,200000.0,0.0,0.0,0.0,0.0,600000.0,200000.0,16.4,217915.0,581.0
162,2nd,1440,K‐8 School,69.54%,200000.0,2410000.0,1380000.0,80000.0,100000.0,2600000.0,100000.0,0.0,0.0,100000.0,69.7,99154.0,0.0,300000.0,20000.0,20000.0,0.0,0.0,0.0,0.0,500000.0,0.0,8.4,4940.0,528.0
163,10th,8360,Elementary School,67.57%,100000.0,2690000.0,280000.0,160000.0,100000.0,400000.0,100000.0,0.0,700000.0,0.0,45.3,78319.0,0.0,620000.0,20000.0,40000.0,0.0,0.0,0.0,500000.0,0.0,0.0,11.8,34210.0,634.0
164,4th,2680,Middle Secondary,44.47%,100000.0,2150000.0,180000.0,50000.0,100000.0,500000.0,0.0,0.0,200000.0,100000.0,33.7,139583.0,0.0,100000.0,20000.0,60000.0,0.0,0.0,0.0,0.0,0.0,0.0,1.8,57550.0,487.0
165,9th,7220,Elementary School,76.28%,200000.0,3679999.9999999995,580000.0,190000.0,210000.0,1300000.0,100000.0,400000.0,400000.0,0.0,70.6,204799.0,100000.0,1220000.0,20000.0,90000.0,0.0,0.0,0.0,100000.0,400000.0,0.0,19.4,14743.0,963.0
166,3rd,8560,High School,70.17%,100000.0,1440000.0,180000.0,100000.0,100000.0,0.0,100000.0,100000.0,100000.0,0.0,22.2,35178.0,0.0,60000.0,20000.0,0.0,0.0,0.0,0.0,0.0,0.0,0.0,0.8,37558.0,242.0
167,4th,4350,K‐8 School,84.88%,100000.0,2910000.0,680000.0,200000.0,100000.0,1200000.0,100000.0,0.0,600000.0,140000.0,60.3,169039.0,100000.0,520000.0,120000.0,0.0,0.0,0.0,0.0,0.0,500000.0,60000.0,13.0,186853.0,568.0
168,5th,5050,High School,75.60%,100000.0,1380000.0,180000.0,10000.0,100000.0,0.0,100000.0,0.0,400000.0,0.0,22.7,126761.0,0.0,400000.0,20000.0,90000.0,0.0,0.0,0.0,0.0,0.0,0.0,5.2,2493.0,308.0
169,1st,5400,Elementary School,83.92%,100000.0,2400000.0,580000.0,120000.0,100000.0,700000.0,100000.0,200000.0,300000.0,0.0,46.0,55399.0,0.0,720000.0,20000.0,20000.0,0.0,0.0,0.0,0.0,100000.0,100000.0,9.6,20744.0,629.0
170,1st,2160,High School,66.42%,200000.0,3510000.0,680000.0,340000.0,100000.0,500000.0,100000.0,0.0,500000.0,60000.0,59.8,89138.0,0.0,340000.0,20000.0,360000.0,0.0,0.0,0.0,200000.0,0.0,0.0,9.3,91519.0,676.0
171,9th,6310,K‐8 School,63.15%,100000.0,1939999.9999999998,480000.0,100000.0,200000.0,400000.0,100000.0,0.0,500000.0,0.0,38.1,21365.0,0.0,360000.0,20000.0,100000.0,0.0,0.0,0.0,0.0,0.0,0.0,4.9,19534.0,452.0
172,7th,7440,Elementary School,87.05%,200000.0,2810000.0,580000.0,50000.0,100000.0,500000.0,100000.0,400000.0,100000.0,0.0,48.4,191859.0,0.0,900000.0,20000.0,229999.99999999997,0.0,0.0,0.0,0.0,800000.0,100000.0,20.6,5819.0,550.0
173,7th,7010,High School,73.61%,200000.0,4610000.0,1980000.0,220000.00000000003,140000.0,2300000.0,200000.0,0.0,1200000.0,20000.0,108.7,174619.0,100000.0,819999.9999999999,120000.0,340000.0,0.0,0.0,0.0,0.0,0.0,100000.0,14.8,136637.0,977.0
174,7th,5260,Elementary School,88.77%,200000.0,3650000.0,280000.0,20000.0,100000.0,300000.0,200000.0,100000.0,300000.0,0.0,51.5,198147.0,0.0,980000.0000000001,120000.0,180000.0,0.0,0.0,0.0,600000.0,600000.0,300000.0,27.9,18435.0,830.0
175,3rd,1420,K‐8 School,85.17%,100000.0,1660000.0000000002,1080000.0,100000.0,200000.0,2700000.0,100000.0,0.0,0.0,10000.0,59.5,92245.0,0.0,560000.0,20000.0,0.0,0.0,0.0,0.0,0.0,400000.0,90000.0,10.7,90978.0,367.0
176,5th,4530,K‐8 School,88.73%,100000.0,1500000.0,280000.0,0.0,100000.0,500000.0,100000.0,0.0,120000.0,0.0,27.0,53439.0,0.0,440000.00000000006,20000.0,150000.0,0.0,0.0,0.0,300000.0,280000.0,50000.0,12.4,44604.0,289.0
177,6th,8300,K‐8 School,64.70%,300000.0,6650000.0,980000.0000000001,220000.00000000003,140000.0,800000.0,200000.0,0.0,1400000.0,0.0,106.9,229375.0,100000.0,919999.9999999999,20000.0,180000.0,0.0,0.0,0.0,0.0,0.0,0.0,12.2,41617.0,1657.0
178,3rd,1190,High School,70.50%,100000.0,1910000.0000000002,180000.0,0.0,100000.0,0.0,100000.0,100000.0,400000.0,0.0,28.9,43548.0,0.0,0.0,20000.0,100000.0,0.0,0.0,0.0,0.0,0.0,0.0,1.2,29742.0,413.0
179,8th,7100,K‐8 School,80.28%,100000.0,2700000.0,380000.0,200000.0,100000.0,500000.0,100000.0,100000.0,100000.0,200000.0,44.8,99709.0,100000.0,220000.00000000003,120000.0,100000.0,0.0,0.0,0.0,0.0,500000.0,0.0,10.4,203212.0,426.0
180,8th,6200,K‐8 School,71.86%,100000.0,2000000.0,480000.0,200000.0,200000.0,700000.0,100000.0,0.0,300000.0,0.0,40.8,34889.0,100000.0,250000.0,20000.0,0.0,0.0,0.0,0.0,0.0,0.0,0.0,3.7,16295.0,473.0
181,5th,2010,High School,76.79%,200000.0,2360000.0,1180000.0,0.0,100000.0,1400000.0,100000.0,0.0,0.0,100000.0,54.4,164188.0,0.0,660000.0,20000.0,200000.0,0.0,0.0,0.0,0.0,300000.0,200000.0,13.8,68687.0,511.0
182,5th,4220,K‐8 School,86.30%,100000.0,2210000.0,880000.0000000001,0.0,100000.0,2900000.0,100000.0,200000.0,0.0,0.0,64.9,255449.0,0.0,400000.0,20000.0,100000.0,0.0,0.0,0.0,600000.0,200000.0,0.0,13.2,82764.0,495.0
183,10th,8040,High School,35.38%,100000.0,2740000.0,280000.0,100000.0,100000.0,600000.0,100000.0,0.0,400000.0,0.0,44.2,124818.0,0.0,70000.0,20000.0,0.0,0.0,0.0,0.0,0.0,0.0,0.0,0.9,13556.0,631.0
184,6th,8410,Elementary School,59.29%,140000.0,2630000.0,980000.0000000001,200000.0,100000.0,1400000.0,100000.0,0.0,0.0,0.0,55.5,105419.0,60000.0,520000.0,20000.0,0.0,0.0,0.0,0.0,0.0,0.0,0.0,6.0,78249.0,636.0
185,7th,5490,Elementary School,86.49%,100000.0,2130000.0,580000.0,120000.0,100000.0,400000.0,100000.0,0.0,700000.0,60000.0,42.9,138505.0,0.0,1100000.0,20000.0,20000.0,0.0,0.0,0.0,300000.0,0.0,60000.0,15.0,63415.0,490.0
186,8th,6400,K‐12 School,72.41%,100000.0,360000.0,2680000.0,200000.0,1140000.0,2300000.0,100000.0,0.0,0.0,100000.0,69.8,66712.0,0.0,140000.0,320000.0,0.0,0.0,300000.0,0.0,0.0,200000.0,0.0,9.6,27335.0,146.0
187,2nd,2240,K‐8 School,78.87%,100000.0,1830000.0,880000.0000000001,60000.0,100000.0,900000.0,100000.0,0.0,400000.0,0.0,43.7,89176.0,0.0,400000.0,20000.0,140000.0,0.0,0.0,0.0,200000.0,0.0,100000.0,8.6,21897.0,342.0
188,8th,6050,High School,58.79%,200000.0,4390000.0,80000.0,200000.0,120000.0,100000.0,100000.0,0.0,240000.0,0.0,54.3,90464.0,0.0,220000.00000000003,20000.0,0.0,0.0,0.0,0.0,100000.0,60000.0,0.0,4.1,5626.0,990.0
189,9th,7350,Elementary School,78.34%,200000.0,3010000.0,380000.0,150000.0,100000.0,900000.0,100000.0,300000.0,880000.0000000001,0.0,60.2,83799.0,0.0,1019999.9999999999,20000.0,30000.0,0.0,0.0,0.0,0.0,20000.0,0.0,10.9,7833.0,769.0
190,6th,8210,Elementary School,71.04%,100000.0,2380000.0,580000.0,200000.0,100000.0,900000.0,100000.0,0.0,100000.0,0.0,44.6,52939.0,0.0,360000.0,20000.0,0.0,0.0,0.0,0.0,500000.0,200000.0,0.0,10.8,19877.0,582.0
191,7th,5370,Elementary School,78.55%,100000.0,1400000.0,280000.0,60000.0,100000.0,200000.0,100000.0,0.0,500000.0,0.0,27.3,51824.0,0.0,320000.0,20000.0,50000.0,0.0,0.0,0.0,0.0,0.0,0.0,3.9,5913.0,312.0
192,8th,6360,K‐8 School,81.45%,100000.0,2860000.0,780000.0,100000.0,100000.0,1400000.0,100000.0,0.0,0.0,100000.0,55.4,223483.0,200000.0,550000.0,20000.0,200000.0,0.0,0.0,0.0,1000000.0,600000.0,100000.0,26.7,1129331.0,530.0
193,1st,2520,Elementary School,70.07%,100000.0,1280000.0,180000.0,80000.0,100000.0,400000.0,100000.0,100000.0,300000.0,0.0,26.4,49379.0,0.0,340000.0,20000.0,60000.0,0.0,0.0,0.0,100000.0,0.0,0.0,5.2,2942.0,295.0
194,6th,7430,Elementary School,86.25%,200000.0,2870000.0,680000.0,110000.00000000001,100000.0,700000.0,100000.0,100000.0,300000.0,0.0,51.6,58739.0,0.0,1100000.0,20000.0,110000.00000000001,0.0,100000.0,0.0,100000.0,400000.0,0.0,18.3,54098.0,746.0
195,9th,8120,Middle School,67.71%,200000.0,6870000.0,880000.0000000001,400000.0,140000.0,1000000.0,100000.0,0.0,940000.0,0.0,105.2,221219.0,100000.0,0.0,20000.0,60000.0,0.0,0.0,0.0,200000.0,160000.0,200000.0,7.5,10566.0,1334.0
196,2nd,1250,Elementary School,81.35%,100000.0,2270000.0,580000.0,30000.0,100000.0,300000.0,100000.0,100000.0,200000.0,0.0,37.8,120434.0,0.0,400000.0,20000.0,90000.0,0.0,0.0,0.0,200000.0,400000.0,0.0,11.1,15253.0,531.0
197,7th,5410,Elementary School,88.33%,100000.0,919999.9999999999,80000.0,100000.0,100000.0,0.0,100000.0,0.0,20000.0,0.0,14.2,55669.0,0.0,640000.0,20000.0,0.0,0.0,0.0,0.0,300000.0,280000.0,0.0,12.5,35865.0,175.0
198,1st,2690,K‐8 School,75.63%,100000.0,2320000.0,280000.0,160000.0,100000.0,500000.0,100000.0,100000.0,300000.0,0.0,39.6,68619.0,0.0,500000.0,120000.0,40000.0,0.0,0.0,0.0,200000.0,200000.0,0.0,10.6,30529.0,447.0
199,4th,6480,Middle School,61.51%,100000.0,1540000.0,180000.0,10000.0,100000.0,400000.0,100000.0,0.0,100000.0,0.0,25.3,43418.0,0.0,0.0,20000.0,90000.0,0.0,0.0,0.0,0.0,0.0,0.0,1.1,9620.0,312.0
200,2nd,2320,Elementary School,82.66%,100000.0,2220000.0,180000.0,110000.00000000001,100000.0,100000.0,200000.0,200000.0,400000.0,0.0,36.1,77180.0,0.0,700000.0,20000.0,110000.00000000001,0.0,0.0,0.0,700000.0,200000.0,60000.0,17.9,32699.0,540.0
201,1st,5210,K‐8 School,79.49%,100000.0,2180000.0,880000.0000000001,160000.0,100000.0,1400000.0,100000.0,0.0,500000.0,0.0,54.2,44449.0,0.0,860000.0,120000.0,40000.0,0.0,0.0,0.0,0.0,0.0,0.0,10.2,78531.0,500.0
202,10th,8370,Elementary School,42.74%,100000.0,2070000.0,580000.0,120000.0,100000.0,1100000.0,100000.0,200000.0,100000.0,0.0,44.7,98439.0,0.0,420000.0,20000.0,20000.0,0.0,0.0,0.0,200000.0,200000.0,0.0,8.6,32583.0,503.0
203,8th,5500,K‐8 School,80.68%,200000.0,3370000.0000000005,1380000.0,120000.0,420000.0,2600000.0,100000.0,0.0,300000.0,0.0,84.9,190859.0,0.0,830000.0000000001,120000.0,130000.0,0.0,0.0,0.0,500000.0,600000.0,90000.0,22.7,16407.0,804.0
204,3rd,1340,K‐8 School,73.08%,100000.0,2530000.0,780000.0,240000.0,200000.0,2200000.0,100000.0,0.0,0.0,0.0,61.4,53839.0,100000.0,620000.0,20000.0,20000.0,0.0,0.0,0.0,200000.0,500000.0,100000.0,15.7,36539.0,556.0
205,5th,5150,High School,61.74%,100000.0,2490000.0,80000.0,100000.0,100000.0,100000.0,100000.0,0.0,400000.0,0.0,34.7,155988.0,0.0,100000.0,20000.0,100000.0,0.0,0.0,0.0,0.0,0.0,0.0,2.2,3937.0,517.0
206,10th,8030,High School,52.46%,100000.0,5970000.0,1880000.0,260000.0,140000.0,2600000.0,300000.0,200000.0,200000.0,50000.0,117.0,470106.0,300000.0,320000.0,20000.0,200000.0,0.0,0.0,0.0,0.0,500000.0,150000.0,14.9,25020.0,1290.0
207,3rd,8460,High School,85.44%,100000.0,1100000.0,200000.0,100000.0,50000.0,0.0,100000.0,200000.0,0.0,200000.0,20.5,219659.0,0.0,0.0,0.0,0.0,0.0,0.0,0.0,0.0,300000.0,0.0,3.0,13410.0,89.0
208,8th,6390,K‐8 School,85.09%,140000.0,2450000.0,280000.0,0.0,100000.0,800000.0,100000.0,280000.0,100000.0,0.0,42.5,32636.0,60000.0,560000.0,20000.0,200000.0,0.0,0.0,0.0,320000.0,300000.0,100000.0,15.6,38370.0,537.0
209,8th,6270,K‐8 School,39.44%,100000.0,2180000.0,480000.0,80000.0,100000.0,300000.0,100000.0,100000.0,400000.0,0.0,38.4,85434.0,0.0,380000.0,20000.0,20000.0,0.0,0.0,0.0,300000.0,0.0,0.0,7.2,47689.0,513.0
210,10th,8260,Elementary School,50.60%,100000.0,1900000.0,880000.0000000001,20000.0,100000.0,2600000.0,100000.0,0.0,300000.0,0.0,59.9,63243.0,0.0,450000.0,20000.0,80000.0,0.0,0.0,0.0,0.0,0.0,0.0,5.5,21603.0,492.0
211,1st,5300,Elementary School,72.43%,100000.0,1520000.0,900000.0,0.0,200000.0,1300000.0,100000.0,120000.0,300000.0,0.0,45.4,46216.0,0.0,420000.0,0.0,100000.0,0.0,0.0,0.0,80000.0,100000.0,0.0,7.0,4870.0,368.0
212,10th,8380,K‐8 School,65.08%,100000.0,4630000.0,1100000.0,210000.0,210000.0,1200000.0,100000.0,400000.0,200000.0,0.0,81.5,303279.0,0.0,400000.0,0.0,170000.0,0.0,0.0,0.0,400000.0,800000.0,0.0,17.7,56622.0,1138.0
213,8th,6470,Elementary School,85.17%,200000.0,2450000.0,680000.0,0.0,200000.0,1900000.0,100000.0,100000.0,400000.0,0.0,60.3,75604.0,0.0,880000.0000000001,20000.0,100000.0,0.0,0.0,0.0,700000.0,200000.0,0.0,19.0,20200.0,675.0
214,9th,7320,Elementary School,81.93%,100000.0,919999.9999999999,300000.0,100000.0,100000.0,700000.0,100000.0,0.0,200000.0,0.0,25.2,40434.0,0.0,440000.00000000006,0.0,100000.0,0.0,0.0,0.0,300000.0,0.0,0.0,8.4,36626.0,239.0
